metric,samples,sample_size,iters,field,threshold,is_not_overlap,distance,len_lower,len_higher
exact_match,200,1000,5,distances,2,True,1.4505000000000052,4031,5368
f1,200,1000,5,distances,2,True,1.3836281592006685,4031,5368
exact_match,200,1000,5,distances,3,True,3.2734999999999985,5223,4176
f1,200,1000,5,distances,3,True,2.702064250582737,5223,4176
exact_match,200,1000,5,distances,4,True,4.214000000000013,5973,3426
f1,200,1000,5,distances,4,True,3.584386115122342,5973,3426
exact_match,200,1000,5,distances,5,True,4.732500000000002,6524,2875
f1,200,1000,5,distances,5,True,4.076764962863081,6524,2875
exact_match,200,1000,5,distances,6,True,5.656499999999994,6939,2460
f1,200,1000,5,distances,6,True,5.180134607120863,6939,2460
exact_match,200,1000,5,similar_words,2,True,1.2155000000000058,1670,8900
f1,200,1000,5,similar_words,2,True,0.8222327323854017,1670,8900
exact_match,200,1000,5,similar_words,3,False,0,3126,7444
f1,200,1000,5,similar_words,3,False,0,3126,7444
exact_match,200,1000,5,similar_words,4,False,0,4830,5740
f1,200,1000,5,similar_words,4,True,0.004509768556843596,4830,5740
exact_match,200,1000,5,similar_words,5,True,0.4759999999999991,6469,4101
f1,200,1000,5,similar_words,5,True,0.7584167460689599,6469,4101
exact_match,200,1000,5,kth_sentence,1,False,0,2015,8555
f1,200,1000,5,kth_sentence,1,False,0,2015,8555
exact_match,200,1000,5,kth_sentence,2,False,0,4520,6050
f1,200,1000,5,kth_sentence,2,False,0,4520,6050
exact_match,200,1000,5,kth_sentence,3,False,0,6571,3999
f1,200,1000,5,kth_sentence,3,False,0,6571,3999
exact_match,200,1000,5,kth_sentence,4,False,0,8178,2392
f1,200,1000,5,kth_sentence,4,False,0,8178,2392
exact_match,200,1000,5,cosine_similarity,0.25,False,0,2852,7718
f1,200,1000,5,cosine_similarity,0.25,False,0,2852,7718
exact_match,200,1000,5,cosine_similarity,0.3,False,0,4096,6474
f1,200,1000,5,cosine_similarity,0.3,False,0,4096,6474
exact_match,200,1000,5,cosine_similarity,0.35,False,0,5384,5186
f1,200,1000,5,cosine_similarity,0.35,False,0,5384,5186
exact_match,200,1000,5,cosine_similarity,0.4,False,0,6674,3896
f1,200,1000,5,cosine_similarity,0.4,False,0,6674,3896
exact_match,200,1000,5,cosine_similarity,0.45,False,0,7873,2697
f1,200,1000,5,cosine_similarity,0.45,False,0,7873,2697
exact_match,200,500,1,kth_sentence,5,False,0,9116,1454
f1,200,500,1,kth_sentence,5,False,0,9116,1454
exact_match,200,500,1,kth_sentence,6,False,0,9669,901
f1,200,500,1,kth_sentence,6,False,0,9669,901
exact_match,200,500,1,kth_sentence,7,True,0.18999999999999773,10021,549
f1,200,500,1,kth_sentence,7,True,0.30117936674443513,10021,549
exact_match,200,500,1,cosine_similarity,0.15,False,0,1803,8767
f1,200,500,1,cosine_similarity,0.15,False,0,1803,8767
exact_match,200,500,1,cosine_similarity,0.2,False,0,2941,7629
f1,200,500,1,cosine_similarity,0.2,False,0,2941,7629
exact_match,200,500,1,cosine_similarity,0.25,False,0,4165,6405
f1,200,500,1,cosine_similarity,0.25,False,0,4165,6405
exact_match,200,500,1,cosine_similarity,0.3,False,0,5362,5208
f1,200,500,1,cosine_similarity,0.3,False,0,5362,5208
exact_match,200,500,1,cosine_similarity,0.35,False,0,6533,4037
f1,200,500,1,cosine_similarity,0.35,False,0,6533,4037
exact_match,200,500,1,cosine_similarity,0.4,False,0,7602,2968
f1,200,500,1,cosine_similarity,0.4,False,0,7602,2968
exact_match,200,500,1,cosine_similarity,0.45,False,0,8524,2046
f1,200,500,1,cosine_similarity,0.45,False,0,8524,2046
exact_match,200,500,1,cosine_similarity,0.5,False,0,9262,1308
f1,200,500,1,cosine_similarity,0.5,False,0,9262,1308
exact_match,200,500,1,cosine_similarity,0.1,True,0.19000000000001194,954,9616
f1,200,500,1,cosine_similarity,0.1,False,0,954,9616
exact_match,200,500,1,cosine_similarity,0.1,True,0.9900000000000091,954,9616
f1,200,500,1,cosine_similarity,0.1,True,0.47860708207930713,954,9616
exact_match,200,500,1,cosine_similarity,0.55,False,0,9816,754
f1,200,500,1,cosine_similarity,0.55,False,0,9816,754
exact_match,200,1000,1,cosine_similarity,0.15,True,0.19750000000000512,1803,8767
f1,200,1000,1,cosine_similarity,0.15,True,0.5860393630436391,1803,8767
exact_match,200,1000,1,cosine_similarity,0.2,False,0,2941,7629
f1,200,1000,1,cosine_similarity,0.2,False,0,2941,7629
exact_match,200,1000,1,cosine_similarity,0.25,False,0,4165,6405
f1,200,1000,1,cosine_similarity,0.25,False,0,4165,6405
exact_match,200,1000,1,cosine_similarity,0.3,False,0,5362,5208
f1,200,1000,1,cosine_similarity,0.3,False,0,5362,5208
exact_match,200,1000,1,cosine_similarity,0.35,False,0,6533,4037
f1,200,1000,1,cosine_similarity,0.35,False,0,6533,4037
exact_match,200,1000,1,cosine_similarity,0.4,False,0,7602,2968
f1,200,1000,1,cosine_similarity,0.4,False,0,7602,2968
exact_match,200,1000,1,cosine_similarity,0.45,False,0,8524,2046
f1,200,1000,1,cosine_similarity,0.45,False,0,8524,2046
exact_match,200,1000,1,cosine_similarity,0.5,False,0,9262,1308
f1,200,1000,1,cosine_similarity,0.5,False,0,9262,1308
exact_match,200,1000,1,kth_sentence,0,False,0,2236,8334
f1,200,1000,1,kth_sentence,0,False,0,2236,8334
exact_match,200,1000,1,kth_sentence,1,False,0,5004,5566
f1,200,1000,1,kth_sentence,1,False,0,5004,5566
exact_match,200,1000,1,kth_sentence,2,False,0,7249,3321
f1,200,1000,1,kth_sentence,2,False,0,7249,3321
exact_match,200,1000,1,kth_sentence,3,False,0,8771,1799
f1,200,1000,1,kth_sentence,3,False,0,8771,1799
exact_match,200,1000,1,similar_words,3,True,0.9950000000000045,1894,8676
f1,200,1000,1,similar_words,3,True,0.5012240763493878,1894,8676
exact_match,200,1000,1,similar_words,4,True,0.7000000000000028,3281,7289
f1,200,1000,1,similar_words,4,True,0.35228795707901384,3281,7289
exact_match,200,1000,1,similar_words,5,True,0.4925000000000068,4916,5654
f1,200,1000,1,similar_words,5,True,0.22773899685857657,4916,5654
exact_match,200,1000,1,similar_words,6,True,0.2950000000000017,6445,4125
f1,200,1000,1,similar_words,6,True,0.6630178375530846,6445,4125
exact_match,200,1000,1,similar_words,7,True,0.6975000000000051,7740,2830
f1,200,1000,1,similar_words,7,True,1.1078542879615867,7740,2830
exact_match,200,1000,1,similar_words,8,True,0.7950000000000017,8738,1832
f1,200,1000,1,similar_words,8,True,1.220357679529684,8738,1832
exact_match,200,1000,1,similar_words,9,True,1.7999999999999972,9437,1133
f1,200,1000,1,similar_words,9,True,1.8825936907821443,9437,1133
exact_match,100,200,1,distances,2,False,0,4031,5368
f1,100,200,1,distances,2,False,0,4031,5368
exact_match,100,200,1,distances,3,False,0,5223,4176
f1,100,200,1,distances,3,False,0,5223,4176
exact_match,100,200,1,distances,4,False,0,5973,3426
f1,100,200,1,distances,4,False,0,5973,3426
exact_match,100,200,1,distances,5,False,0,6524,2875
f1,100,200,1,distances,5,True,0.19177540656066583,6524,2875
exact_match,100,200,1,distances,6,False,0,6939,2460
f1,100,200,1,distances,6,False,0,6939,2460
exact_match,200,200,1,distances,2,False,0,4031,5368
f1,200,200,1,distances,2,False,0,4031,5368
exact_match,200,200,1,distances,3,False,0,5223,4176
f1,200,200,1,distances,3,False,0,5223,4176
exact_match,200,200,1,distances,4,False,0,5973,3426
f1,200,200,1,distances,4,False,0,5973,3426
exact_match,200,200,1,distances,5,False,0,6524,2875
f1,200,200,1,distances,5,False,0,6524,2875
exact_match,200,200,1,distances,6,False,0,6939,2460
f1,200,200,1,distances,6,True,0.19192413748335468,6939,2460
exact_match,300,200,1,distances,2,False,0,4031,5368
f1,300,200,1,distances,2,False,0,4031,5368
exact_match,300,200,1,distances,3,False,0,5223,4176
f1,300,200,1,distances,3,False,0,5223,4176
exact_match,300,200,1,distances,4,False,0,5973,3426
f1,300,200,1,distances,4,False,0,5973,3426
exact_match,300,200,1,distances,5,False,0,6524,2875
f1,300,200,1,distances,5,False,0,6524,2875
exact_match,300,200,1,distances,6,False,0,6939,2460
f1,300,200,1,distances,6,False,0,6939,2460
exact_match,400,200,1,distances,2,False,0,4031,5368
f1,400,200,1,distances,2,False,0,4031,5368
exact_match,400,200,1,distances,3,False,0,5223,4176
f1,400,200,1,distances,3,False,0,5223,4176
exact_match,400,200,1,distances,4,False,0,5973,3426
f1,400,200,1,distances,4,False,0,5973,3426
exact_match,400,200,1,distances,5,False,0,6524,2875
f1,400,200,1,distances,5,False,0,6524,2875
exact_match,400,200,1,distances,6,False,0,6939,2460
f1,400,200,1,distances,6,True,0.22166308432237258,6939,2460
exact_match,500,200,1,distances,2,False,0,4031,5368
f1,500,200,1,distances,2,False,0,4031,5368
exact_match,500,200,1,distances,3,False,0,5223,4176
f1,500,200,1,distances,3,False,0,5223,4176
exact_match,500,200,1,distances,4,False,0,5973,3426
f1,500,200,1,distances,4,False,0,5973,3426
exact_match,500,200,1,distances,5,False,0,6524,2875
f1,500,200,1,distances,5,False,0,6524,2875
exact_match,500,200,1,distances,6,False,0,6939,2460
f1,500,200,1,distances,6,True,0.2112725451543298,6939,2460
exact_match,100,300,1,distances,2,False,0,4031,5368
f1,100,300,1,distances,2,False,0,4031,5368
exact_match,100,300,1,distances,3,False,0,5223,4176
f1,100,300,1,distances,3,True,0.07248998979562771,5223,4176
exact_match,100,300,1,distances,4,False,0,5973,3426
f1,100,300,1,distances,4,True,0.008627808098850664,5973,3426
exact_match,100,300,1,distances,5,True,0.4583333333333428,6524,2875
f1,100,300,1,distances,5,True,0.7816936060032305,6524,2875
exact_match,100,300,1,distances,6,True,2.49166666666666,6939,2460
f1,100,300,1,distances,6,True,2.9175928960606257,6939,2460
exact_match,200,300,1,distances,2,False,0,4031,5368
f1,200,300,1,distances,2,False,0,4031,5368
exact_match,200,300,1,distances,3,False,0,5223,4176
f1,200,300,1,distances,3,True,0.20014890753667203,5223,4176
exact_match,200,300,1,distances,4,True,0.6666666666666572,5973,3426
f1,200,300,1,distances,4,True,0.9940310273150175,5973,3426
exact_match,200,300,1,distances,5,False,0,6524,2875
f1,200,300,1,distances,5,True,1.0410600305455233,6524,2875
exact_match,200,300,1,distances,6,True,0.9666666666666544,6939,2460
f1,200,300,1,distances,6,True,0.7729260690850595,6939,2460
exact_match,300,300,1,distances,2,False,0,4031,5368
f1,300,300,1,distances,2,False,0,4031,5368
exact_match,300,300,1,distances,3,False,0,5223,4176
f1,300,300,1,distances,3,False,0,5223,4176
exact_match,300,300,1,distances,4,True,0.15833333333333144,5973,3426
f1,300,300,1,distances,4,True,0.7405348466925972,5973,3426
exact_match,300,300,1,distances,5,True,0.15833333333334565,6524,2875
f1,300,300,1,distances,5,True,0.773237252951418,6524,2875
exact_match,300,300,1,distances,6,True,1.1583333333333456,6939,2460
f1,300,300,1,distances,6,True,1.8973626647325545,6939,2460
exact_match,400,300,1,distances,2,False,0,4031,5368
f1,400,300,1,distances,2,False,0,4031,5368
exact_match,400,300,1,distances,3,False,0,5223,4176
f1,400,300,1,distances,3,False,0,5223,4176
exact_match,400,300,1,distances,4,True,0.32500000000000284,5973,3426
f1,400,300,1,distances,4,True,0.7959463830854645,5973,3426
exact_match,400,300,1,distances,5,True,0.6666666666666714,6524,2875
f1,400,300,1,distances,5,True,1.156711763736908,6524,2875
exact_match,400,300,1,distances,6,True,1.3333333333333428,6939,2460
f1,400,300,1,distances,6,True,1.569519996602736,6939,2460
exact_match,500,300,1,distances,2,False,0,4031,5368
f1,500,300,1,distances,2,False,0,4031,5368
exact_match,500,300,1,distances,3,False,0,5223,4176
f1,500,300,1,distances,3,True,0.08627298474857525,5223,4176
exact_match,500,300,1,distances,4,False,0,5973,3426
f1,500,300,1,distances,4,True,0.2603048767326328,5973,3426
exact_match,500,300,1,distances,5,True,0.3333333333333428,6524,2875
f1,500,300,1,distances,5,True,1.0411121413774964,6524,2875
exact_match,500,300,1,distances,6,True,1.1583333333333314,6939,2460
f1,500,300,1,distances,6,True,1.5302026521834762,6939,2460
exact_match,100,400,1,distances,2,False,0,4031,5368
f1,100,400,1,distances,2,False,0,4031,5368
exact_match,100,400,1,distances,3,True,0.6187500000000057,5223,4176
f1,100,400,1,distances,3,True,0.6986610456326758,5223,4176
exact_match,100,400,1,distances,4,True,1.4750000000000085,5973,3426
f1,100,400,1,distances,4,True,1.5218188851668941,5973,3426
exact_match,100,400,1,distances,5,True,1.3687500000000057,6524,2875
f1,100,400,1,distances,5,True,2.476593425249362,6524,2875
exact_match,100,400,1,distances,6,True,2.2250000000000085,6939,2460
f1,100,400,1,distances,6,True,2.9079093406651566,6939,2460
exact_match,200,400,1,distances,2,False,0,4031,5368
f1,200,400,1,distances,2,False,0,4031,5368
exact_match,200,400,1,distances,3,True,0.4937500000000057,5223,4176
f1,200,400,1,distances,3,True,0.45729016537774214,5223,4176
exact_match,200,400,1,distances,4,True,1.4875000000000114,5973,3426
f1,200,400,1,distances,4,True,1.639061199650854,5973,3426
exact_match,200,400,1,distances,5,True,1.4937500000000057,6524,2875
f1,200,400,1,distances,5,True,2.084910685701672,6524,2875
exact_match,200,400,1,distances,6,True,2.4937500000000057,6939,2460
f1,200,400,1,distances,6,True,3.0191672840910257,6939,2460
exact_match,300,400,1,distances,2,False,0,4031,5368
f1,300,400,1,distances,2,False,0,4031,5368
exact_match,300,400,1,distances,3,True,0.5,5223,4176
f1,300,400,1,distances,3,True,0.7431206499683185,5223,4176
exact_match,300,400,1,distances,4,True,1.1187500000000057,5973,3426
f1,300,400,1,distances,4,True,1.7612709365870813,5973,3426
exact_match,300,400,1,distances,5,True,1.106250000000017,6524,2875
f1,300,400,1,distances,5,True,1.579968098246482,6524,2875
exact_match,300,400,1,distances,6,True,2.25,6939,2460
f1,300,400,1,distances,6,True,2.585742177898254,6939,2460
exact_match,400,400,1,distances,2,False,0,4031,5368
f1,400,400,1,distances,2,False,0,4031,5368
exact_match,400,400,1,distances,3,True,0.25,5223,4176
f1,400,400,1,distances,3,True,0.8032936868345075,5223,4176
exact_match,400,400,1,distances,4,True,1.4937500000000057,5973,3426
f1,400,400,1,distances,4,True,1.5209060959634968,5973,3426
exact_match,400,400,1,distances,5,True,1.5,6524,2875
f1,400,400,1,distances,5,True,1.9583215934964926,6524,2875
exact_match,400,400,1,distances,6,True,3.0,6939,2460
f1,400,400,1,distances,6,True,3.2815372347256755,6939,2460
exact_match,500,400,1,distances,2,False,0,4031,5368
f1,500,400,1,distances,2,False,0,4031,5368
exact_match,500,400,1,distances,3,True,0.25,5223,4176
f1,500,400,1,distances,3,True,1.1885948834441393,5223,4176
exact_match,500,400,1,distances,4,True,0.75,5973,3426
f1,500,400,1,distances,4,True,1.3231724732493007,5973,3426
exact_match,500,400,1,distances,5,True,1.75,6524,2875
f1,500,400,1,distances,5,True,1.600651171381287,6524,2875
exact_match,500,400,1,distances,6,True,2.5,6939,2460
f1,500,400,1,distances,6,True,2.824190066813685,6939,2460
exact_match,100,500,1,distances,2,False,0,4031,5368
f1,100,500,1,distances,2,True,0.1620677574321121,4031,5368
exact_match,100,500,1,distances,3,True,0.06499999999999773,5223,4176
f1,100,500,1,distances,3,True,0.4895840837961458,5223,4176
exact_match,100,500,1,distances,4,True,2.3900000000000006,5973,3426
f1,100,500,1,distances,4,True,2.201946566568978,5973,3426
exact_match,100,500,1,distances,5,True,2.4000000000000057,6524,2875
f1,100,500,1,distances,5,True,2.8338514084187523,6524,2875
exact_match,100,500,1,distances,6,True,4.200000000000003,6939,2460
f1,100,500,1,distances,6,True,3.7006279053115634,6939,2460
exact_match,200,500,1,distances,2,False,0,4031,5368
f1,200,500,1,distances,2,False,0,4031,5368
exact_match,200,500,1,distances,3,True,0.9899999999999949,5223,4176
f1,200,500,1,distances,3,True,1.265894191748842,5223,4176
exact_match,200,500,1,distances,4,True,2.3950000000000102,5973,3426
f1,200,500,1,distances,4,True,1.950418934826672,5973,3426
exact_match,200,500,1,distances,5,True,2.200000000000003,6524,2875
f1,200,500,1,distances,5,True,2.646570649437834,6524,2875
exact_match,200,500,1,distances,6,True,3.394999999999996,6939,2460
f1,200,500,1,distances,6,True,3.9605451053037797,6939,2460
exact_match,300,500,1,distances,2,False,0,4031,5368
f1,300,500,1,distances,2,False,0,4031,5368
exact_match,300,500,1,distances,3,True,0.9900000000000091,5223,4176
f1,300,500,1,distances,3,True,1.17454243736303,5223,4176
exact_match,300,500,1,distances,4,True,2.4000000000000057,5973,3426
f1,300,500,1,distances,4,True,2.329608210146901,5973,3426
exact_match,300,500,1,distances,5,True,2.190000000000012,6524,2875
f1,300,500,1,distances,5,True,2.317945743931304,6524,2875
exact_match,300,500,1,distances,6,True,3.094999999999999,6939,2460
f1,300,500,1,distances,6,True,3.166716527452337,6939,2460
exact_match,400,500,1,distances,2,False,0,4031,5368
f1,400,500,1,distances,2,False,0,4031,5368
exact_match,400,500,1,distances,3,True,1.0,5223,4176
f1,400,500,1,distances,3,True,0.9448732373191575,5223,4176
exact_match,400,500,1,distances,4,True,1.9950000000000045,5973,3426
f1,400,500,1,distances,4,True,1.9733501442608912,5973,3426
exact_match,400,500,1,distances,5,True,2.594999999999999,6524,2875
f1,400,500,1,distances,5,True,2.2243688495448595,6524,2875
exact_match,400,500,1,distances,6,True,3.5999999999999943,6939,2460
f1,400,500,1,distances,6,True,3.394377699164508,6939,2460
exact_match,500,500,1,distances,2,False,0,4031,5368
f1,500,500,1,distances,2,False,0,4031,5368
exact_match,500,500,1,distances,3,True,1.4950000000000045,5223,4176
f1,500,500,1,distances,3,True,1.1674607887624546,5223,4176
exact_match,500,500,1,distances,4,True,1.4949999999999903,5973,3426
f1,500,500,1,distances,4,True,1.7569626695324274,5973,3426
exact_match,500,500,1,distances,5,True,2.1999999999999886,6524,2875
f1,500,500,1,distances,5,True,1.9488952046015982,6524,2875
exact_match,500,500,1,distances,6,True,3.200000000000003,6939,2460
f1,500,500,1,distances,6,True,3.1449067901830006,6939,2460
exact_match,100,600,1,distances,2,False,0,4031,5368
f1,100,600,1,distances,2,True,0.13588912921595409,4031,5368
exact_match,100,600,1,distances,3,True,2.237499999999997,5223,4176
f1,100,600,1,distances,3,True,2.218847813644942,5223,4176
exact_match,100,600,1,distances,4,True,3.6583333333333314,5973,3426
f1,100,600,1,distances,4,True,2.8943064349330854,5973,3426
exact_match,100,600,1,distances,5,True,3.308333333333323,6524,2875
f1,100,600,1,distances,5,True,2.9372090375551636,6524,2875
exact_match,100,600,1,distances,6,True,3.745833333333323,6939,2460
f1,100,600,1,distances,6,True,3.763363658192006,6939,2460
exact_match,200,600,1,distances,2,True,0.32499999999998863,4031,5368
f1,200,600,1,distances,2,True,0.7465084685770762,4031,5368
exact_match,200,600,1,distances,3,True,2.1666666666666714,5223,4176
f1,200,600,1,distances,3,True,1.600383928190297,5223,4176
exact_match,200,600,1,distances,4,True,2.495833333333337,5973,3426
f1,200,600,1,distances,4,True,2.0672872520148218,5973,3426
exact_match,200,600,1,distances,5,True,2.49166666666666,6524,2875
f1,200,600,1,distances,5,True,3.553532936207773,6524,2875
exact_match,200,600,1,distances,6,True,4.658333333333331,6939,2460
f1,200,600,1,distances,6,True,4.065919424639233,6939,2460
exact_match,300,600,1,distances,2,False,0,4031,5368
f1,300,600,1,distances,2,True,0.19217251046687522,4031,5368
exact_match,300,600,1,distances,3,True,1.4124999999999943,5223,4176
f1,300,600,1,distances,3,True,1.3382826257926013,5223,4176
exact_match,300,600,1,distances,4,True,2.5,5973,3426
f1,300,600,1,distances,4,True,2.9321126139327163,5973,3426
exact_match,300,600,1,distances,5,True,2.99166666666666,6524,2875
f1,300,600,1,distances,5,True,2.376807179471399,6524,2875
exact_match,300,600,1,distances,6,True,4.4125000000000085,6939,2460
f1,300,600,1,distances,6,True,3.966341739681198,6939,2460
exact_match,400,600,1,distances,2,False,0,4031,5368
f1,400,600,1,distances,2,False,0,4031,5368
exact_match,400,600,1,distances,3,True,2.0,5223,4176
f1,400,600,1,distances,3,True,1.7065851316698684,5223,4176
exact_match,400,600,1,distances,4,True,2.495833333333337,5973,3426
f1,400,600,1,distances,4,True,2.5557343646409976,5973,3426
exact_match,400,600,1,distances,5,True,2.8291666666666657,6524,2875
f1,400,600,1,distances,5,True,2.555470965270956,6524,2875
exact_match,400,600,1,distances,6,True,3.495833333333337,6939,2460
f1,400,600,1,distances,6,True,3.6206850355138442,6939,2460
exact_match,500,600,1,distances,2,True,0.4125000000000085,4031,5368
f1,500,600,1,distances,2,True,0.5860241903211829,4031,5368
exact_match,500,600,1,distances,3,True,1.9125000000000085,5223,4176
f1,500,600,1,distances,3,True,1.7218560663829123,5223,4176
exact_match,500,600,1,distances,4,True,3.166666666666657,5973,3426
f1,500,600,1,distances,4,True,3.1119222334531997,5973,3426
exact_match,500,600,1,distances,5,True,2.99166666666666,6524,2875
f1,500,600,1,distances,5,True,2.93083170108504,6524,2875
exact_match,500,600,1,distances,6,True,4.0,6939,2460
f1,500,600,1,distances,6,True,3.7355419891782304,6939,2460
exact_match,100,700,1,distances,2,True,0.35357142857142776,4031,5368
f1,100,700,1,distances,2,True,0.7649368315529159,4031,5368
exact_match,100,700,1,distances,3,True,2.4214285714285637,5223,4176
f1,100,700,1,distances,3,True,2.2131170431877933,5223,4176
exact_match,100,700,1,distances,4,True,3.4964285714285666,5973,3426
f1,100,700,1,distances,4,True,3.4531008144905115,5973,3426
exact_match,100,700,1,distances,5,True,3.9928571428571473,6524,2875
f1,100,700,1,distances,5,True,3.17930818136405,6524,2875
exact_match,100,700,1,distances,6,True,5.564285714285717,6939,2460
f1,100,700,1,distances,6,True,5.171696649938596,6939,2460
exact_match,200,700,1,distances,2,True,0.5642857142857025,4031,5368
f1,200,700,1,distances,2,True,0.8383116148946925,4031,5368
exact_match,200,700,1,distances,3,True,2.5642857142857167,5223,4176
f1,200,700,1,distances,3,True,2.240744743472675,5223,4176
exact_match,200,700,1,distances,4,True,3.135714285714272,5973,3426
f1,200,700,1,distances,4,True,2.6091979965597147,5973,3426
exact_match,200,700,1,distances,5,True,3.846428571428575,6524,2875
f1,200,700,1,distances,5,True,3.5905361412249874,6524,2875
exact_match,200,700,1,distances,6,True,4.714285714285722,6939,2460
f1,200,700,1,distances,6,True,3.954735364388185,6939,2460
exact_match,300,700,1,distances,2,True,0.27857142857143913,4031,5368
f1,300,700,1,distances,2,True,0.7764165864376054,4031,5368
exact_match,300,700,1,distances,3,True,2.285714285714292,5223,4176
f1,300,700,1,distances,3,True,1.967168347146142,5223,4176
exact_match,300,700,1,distances,4,True,2.8500000000000085,5973,3426
f1,300,700,1,distances,4,True,2.7358564053574668,5973,3426
exact_match,300,700,1,distances,5,True,3.857142857142861,6524,2875
f1,300,700,1,distances,5,True,3.4587839134669167,6524,2875
exact_match,300,700,1,distances,6,True,4.421428571428578,6939,2460
f1,300,700,1,distances,6,True,4.512424322855395,6939,2460
exact_match,400,700,1,distances,2,False,0,4031,5368
f1,400,700,1,distances,2,True,0.45369964591979794,4031,5368
exact_match,400,700,1,distances,3,True,2.2821428571428584,5223,4176
f1,400,700,1,distances,3,True,1.6706163763012398,5223,4176
exact_match,400,700,1,distances,4,True,3.567857142857136,5973,3426
f1,400,700,1,distances,4,True,2.8577441288613556,5973,3426
exact_match,400,700,1,distances,5,True,3.2821428571428584,6524,2875
f1,400,700,1,distances,5,True,3.1184283904673435,6524,2875
exact_match,400,700,1,distances,6,True,4.282142857142844,6939,2460
f1,400,700,1,distances,6,True,4.226143807852523,6939,2460
exact_match,500,700,1,distances,2,True,0.35357142857142776,4031,5368
f1,500,700,1,distances,2,True,0.526585179235866,4031,5368
exact_match,500,700,1,distances,3,True,2.4285714285714306,5223,4176
f1,500,700,1,distances,3,True,2.0383705256144964,5223,4176
exact_match,500,700,1,distances,4,True,2.9250000000000114,5973,3426
f1,500,700,1,distances,4,True,2.5384127794503257,5973,3426
exact_match,500,700,1,distances,5,True,3.3535714285714278,6524,2875
f1,500,700,1,distances,5,True,3.3154564220044023,6524,2875
exact_match,500,700,1,distances,6,True,4.210714285714303,6939,2460
f1,500,700,1,distances,6,True,3.8995596668076757,6939,2460
exact_match,100,800,1,distances,2,True,0.8093750000000028,4031,5368
f1,100,800,1,distances,2,True,1.3514086031308068,4031,5368
exact_match,100,800,1,distances,3,True,3.059375000000003,5223,4176
f1,100,800,1,distances,3,True,2.6261738600242523,5223,4176
exact_match,100,800,1,distances,4,True,3.8625000000000114,5973,3426
f1,100,800,1,distances,4,True,3.822862769085333,5973,3426
exact_match,100,800,1,distances,5,True,4.184375000000003,6524,2875
f1,100,800,1,distances,5,True,4.082600094752863,6524,2875
exact_match,100,800,1,distances,6,True,4.737500000000011,6939,2460
f1,100,800,1,distances,6,True,4.043883925580872,6939,2460
exact_match,200,800,1,distances,2,True,0.8656250000000085,4031,5368
f1,200,800,1,distances,2,True,1.0563661654574332,4031,5368
exact_match,200,800,1,distances,3,True,2.371875000000003,5223,4176
f1,200,800,1,distances,3,True,1.9252138323189314,5223,4176
exact_match,200,800,1,distances,4,True,4.621875000000003,5973,3426
f1,200,800,1,distances,4,True,3.1730195123725338,5973,3426
exact_match,200,800,1,distances,5,True,3.2437500000000057,6524,2875
f1,200,800,1,distances,5,True,3.234214098998649,6524,2875
exact_match,200,800,1,distances,6,True,5.125,6939,2460
f1,200,800,1,distances,6,True,4.645097616320328,6939,2460
exact_match,300,800,1,distances,2,True,1.0,4031,5368
f1,300,800,1,distances,2,True,0.9790264955726684,4031,5368
exact_match,300,800,1,distances,3,True,2.309375000000003,5223,4176
f1,300,800,1,distances,3,True,2.3045968404745025,5223,4176
exact_match,300,800,1,distances,4,True,4.0,5973,3426
f1,300,800,1,distances,4,True,3.2755596323946747,5973,3426
exact_match,300,800,1,distances,5,True,3.3687500000000057,6524,2875
f1,300,800,1,distances,5,True,3.425413763845711,6524,2875
exact_match,300,800,1,distances,6,True,5.118750000000006,6939,2460
f1,300,800,1,distances,6,True,4.541410319951012,6939,2460
exact_match,400,800,1,distances,2,True,1.3656250000000085,4031,5368
f1,400,800,1,distances,2,True,1.1126504332138438,4031,5368
exact_match,400,800,1,distances,3,True,2.7437500000000057,5223,4176
f1,400,800,1,distances,3,True,2.0793530087807994,5223,4176
exact_match,400,800,1,distances,4,True,3.7437500000000057,5973,3426
f1,400,800,1,distances,4,True,3.3339698713951833,5973,3426
exact_match,400,800,1,distances,5,True,3.375,6524,2875
f1,400,800,1,distances,5,True,3.536194670677233,6524,2875
exact_match,400,800,1,distances,6,True,4.5,6939,2460
f1,400,800,1,distances,6,True,4.294658797554675,6939,2460
exact_match,500,800,1,distances,2,True,0.625,4031,5368
f1,500,800,1,distances,2,True,0.8368749956275536,4031,5368
exact_match,500,800,1,distances,3,True,2.625,5223,4176
f1,500,800,1,distances,3,True,2.2713455759516847,5223,4176
exact_match,500,800,1,distances,4,True,3.75,5973,3426
f1,500,800,1,distances,4,True,3.226337812717034,5973,3426
exact_match,500,800,1,distances,5,True,3.9937500000000057,6524,2875
f1,500,800,1,distances,5,True,3.584237031015661,6524,2875
exact_match,500,800,1,distances,6,True,5.184375000000003,6939,2460
f1,500,800,1,distances,6,True,4.682715715436473,6939,2460
exact_match,100,900,1,distances,2,True,1.7777777777777715,4031,5368
f1,100,900,1,distances,2,True,1.5254391354907852,4031,5368
exact_match,100,900,1,distances,3,True,3.3333333333333286,5223,4176
f1,100,900,1,distances,3,True,2.8909465093486517,5223,4176
exact_match,100,900,1,distances,4,True,4.941666666666663,5973,3426
f1,100,900,1,distances,4,True,4.037987156991221,5973,3426
exact_match,100,900,1,distances,5,True,4.555555555555557,6524,2875
f1,100,900,1,distances,5,True,4.243808334326516,6524,2875
exact_match,100,900,1,distances,6,True,4.936111111111103,6939,2460
f1,100,900,1,distances,6,True,4.3726968475517936,6939,2460
exact_match,200,900,1,distances,2,True,0.8833333333333258,4031,5368
f1,200,900,1,distances,2,True,1.1831992375918645,4031,5368
exact_match,200,900,1,distances,3,True,2.99722222222222,5223,4176
f1,200,900,1,distances,3,True,2.418374223077322,5223,4176
exact_match,200,900,1,distances,4,True,4.213888888888889,5973,3426
f1,200,900,1,distances,4,True,3.453947037284536,5973,3426
exact_match,200,900,1,distances,5,True,4.105555555555554,6524,2875
f1,200,900,1,distances,5,True,3.589229028898231,6524,2875
exact_match,200,900,1,distances,6,True,5.99444444444444,6939,2460
f1,200,900,1,distances,6,True,5.07249212493538,6939,2460
exact_match,300,900,1,distances,2,True,1.1638888888888772,4031,5368
f1,300,900,1,distances,2,True,0.8355789568945653,4031,5368
exact_match,300,900,1,distances,3,True,3.0,5223,4176
f1,300,900,1,distances,3,True,2.704596699776161,5223,4176
exact_match,300,900,1,distances,4,True,3.8249999999999886,5973,3426
f1,300,900,1,distances,4,True,3.2669345617272967,5973,3426
exact_match,300,900,1,distances,5,True,4.608333333333334,6524,2875
f1,300,900,1,distances,5,True,3.9264227330933608,6524,2875
exact_match,300,900,1,distances,6,True,5.2749999999999915,6939,2460
f1,300,900,1,distances,6,True,4.785558145630702,6939,2460
exact_match,400,900,1,distances,2,True,1.3333333333333286,4031,5368
f1,400,900,1,distances,2,True,1.1010671983364801,4031,5368
exact_match,400,900,1,distances,3,True,2.99722222222222,5223,4176
f1,400,900,1,distances,3,True,2.594657531951995,5223,4176
exact_match,400,900,1,distances,4,True,4.327777777777783,5973,3426
f1,400,900,1,distances,4,True,3.661100662925989,5973,3426
exact_match,400,900,1,distances,5,True,4.552777777777763,6524,2875
f1,400,900,1,distances,5,True,4.197922093652991,6524,2875
exact_match,400,900,1,distances,6,True,5.552777777777777,6939,2460
f1,400,900,1,distances,6,True,4.948335283856778,6939,2460
exact_match,500,900,1,distances,2,True,1.1111111111111143,4031,5368
f1,500,900,1,distances,2,True,0.7997081432697684,4031,5368
exact_match,500,900,1,distances,3,True,2.8888888888889,5223,4176
f1,500,900,1,distances,3,True,2.6291319255747254,5223,4176
exact_match,500,900,1,distances,4,True,4.0,5973,3426
f1,500,900,1,distances,4,True,3.474231129515516,5973,3426
exact_match,500,900,1,distances,5,True,4.333333333333329,6524,2875
f1,500,900,1,distances,5,True,3.7146081021581807,6524,2875
exact_match,500,900,1,distances,6,True,5.444444444444443,6939,2460
f1,500,900,1,distances,6,True,4.820489279574105,6939,2460
exact_match,100,1000,1,distances,2,True,1.2374999999999972,4031,5368
f1,100,1000,1,distances,2,True,1.7378196210017762,4031,5368
exact_match,100,1000,1,distances,3,True,3.542500000000004,5223,4176
f1,100,1000,1,distances,3,True,2.6642367506476035,5223,4176
exact_match,100,1000,1,distances,4,True,4.695000000000007,5973,3426
f1,100,1000,1,distances,4,True,3.707630265379194,5973,3426
exact_match,100,1000,1,distances,5,True,5.1000000000000085,6524,2875
f1,100,1000,1,distances,5,True,4.262221690292165,6524,2875
exact_match,100,1000,1,distances,6,True,6.490000000000009,6939,2460
f1,100,1000,1,distances,6,True,5.308804409363461,6939,2460
exact_match,200,1000,1,distances,2,True,0.9975000000000023,4031,5368
f1,200,1000,1,distances,2,True,0.9842471313234569,4031,5368
exact_match,200,1000,1,distances,3,True,3.1950000000000074,5223,4176
f1,200,1000,1,distances,3,True,2.6778044074166445,5223,4176
exact_match,200,1000,1,distances,4,True,4.697500000000005,5973,3426
f1,200,1000,1,distances,4,True,3.5588998431965138,5973,3426
exact_match,200,1000,1,distances,5,True,4.497500000000002,6524,2875
f1,200,1000,1,distances,5,True,4.0419822727421035,6524,2875
exact_match,200,1000,1,distances,6,True,5.597499999999997,6939,2460
f1,200,1000,1,distances,6,True,5.130249329792633,6939,2460
exact_match,300,1000,1,distances,2,True,1.5474999999999994,4031,5368
f1,300,1000,1,distances,2,True,1.3725134153161491,4031,5368
exact_match,300,1000,1,distances,3,True,3.094999999999999,5223,4176
f1,300,1000,1,distances,3,True,2.6188820680464318,5223,4176
exact_match,300,1000,1,distances,4,True,4.547499999999999,5973,3426
f1,300,1000,1,distances,4,True,3.797370592677467,5973,3426
exact_match,300,1000,1,distances,5,True,4.489999999999995,6524,2875
f1,300,1000,1,distances,5,True,4.254031926899003,6524,2875
exact_match,300,1000,1,distances,6,True,5.547499999999999,6939,2460
f1,300,1000,1,distances,6,True,4.948514350369194,6939,2460
exact_match,400,1000,1,distances,2,True,1.2975000000000136,4031,5368
f1,400,1000,1,distances,2,True,1.108759554613897,4031,5368
exact_match,400,1000,1,distances,3,True,2.799999999999997,5223,4176
f1,400,1000,1,distances,3,True,2.5436817239925773,5223,4176
exact_match,400,1000,1,distances,4,True,4.299999999999997,5973,3426
f1,400,1000,1,distances,4,True,3.7132318381659672,5973,3426
exact_match,400,1000,1,distances,5,True,4.792500000000004,6524,2875
f1,400,1000,1,distances,5,True,4.198188630776784,6524,2875
exact_match,400,1000,1,distances,6,True,5.597500000000011,6939,2460
f1,400,1000,1,distances,6,True,4.774368995616356,6939,2460
exact_match,500,1000,1,distances,2,True,1.247499999999988,4031,5368
f1,500,1000,1,distances,2,True,1.1768036752160072,4031,5368
exact_match,500,1000,1,distances,3,True,3.447500000000005,5223,4176
f1,500,1000,1,distances,3,True,2.8423727270890993,5223,4176
exact_match,500,1000,1,distances,4,True,3.8999999999999915,5973,3426
f1,500,1000,1,distances,4,True,3.6261680537501775,5973,3426
exact_match,500,1000,1,distances,5,True,4.200000000000003,6524,2875
f1,500,1000,1,distances,5,True,4.037603889678564,6524,2875
exact_match,500,1000,1,distances,6,True,5.447500000000005,6939,2460
f1,500,1000,1,distances,6,True,4.879514492740128,6939,2460
exact_match,100,200,1,similar_words,3,False,0,1894,8676
f1,100,200,1,similar_words,3,False,0,1894,8676
exact_match,100,200,1,similar_words,4,False,0,3281,7289
f1,100,200,1,similar_words,4,False,0,3281,7289
exact_match,100,200,1,similar_words,5,False,0,4916,5654
f1,100,200,1,similar_words,5,False,0,4916,5654
exact_match,100,200,1,similar_words,6,False,0,6445,4125
f1,100,200,1,similar_words,6,False,0,6445,4125
exact_match,100,200,1,similar_words,7,False,0,7740,2830
f1,100,200,1,similar_words,7,False,0,7740,2830
exact_match,100,200,1,similar_words,8,False,0,8738,1832
f1,100,200,1,similar_words,8,False,0,8738,1832
exact_match,100,200,1,similar_words,9,False,0,9437,1133
f1,100,200,1,similar_words,9,False,0,9437,1133
exact_match,200,200,1,similar_words,3,False,0,1894,8676
f1,200,200,1,similar_words,3,False,0,1894,8676
exact_match,200,200,1,similar_words,4,False,0,3281,7289
f1,200,200,1,similar_words,4,False,0,3281,7289
exact_match,200,200,1,similar_words,5,False,0,4916,5654
f1,200,200,1,similar_words,5,False,0,4916,5654
exact_match,200,200,1,similar_words,6,False,0,6445,4125
f1,200,200,1,similar_words,6,False,0,6445,4125
exact_match,200,200,1,similar_words,7,False,0,7740,2830
f1,200,200,1,similar_words,7,False,0,7740,2830
exact_match,200,200,1,similar_words,8,False,0,8738,1832
f1,200,200,1,similar_words,8,False,0,8738,1832
exact_match,200,200,1,similar_words,9,False,0,9437,1133
f1,200,200,1,similar_words,9,False,0,9437,1133
exact_match,300,200,1,similar_words,3,False,0,1894,8676
f1,300,200,1,similar_words,3,False,0,1894,8676
exact_match,300,200,1,similar_words,4,False,0,3281,7289
f1,300,200,1,similar_words,4,False,0,3281,7289
exact_match,300,200,1,similar_words,5,False,0,4916,5654
f1,300,200,1,similar_words,5,False,0,4916,5654
exact_match,300,200,1,similar_words,6,False,0,6445,4125
f1,300,200,1,similar_words,6,False,0,6445,4125
exact_match,300,200,1,similar_words,7,False,0,7740,2830
f1,300,200,1,similar_words,7,False,0,7740,2830
exact_match,300,200,1,similar_words,8,False,0,8738,1832
f1,300,200,1,similar_words,8,False,0,8738,1832
exact_match,300,200,1,similar_words,9,False,0,9437,1133
f1,300,200,1,similar_words,9,False,0,9437,1133
exact_match,400,200,1,similar_words,3,False,0,1894,8676
f1,400,200,1,similar_words,3,False,0,1894,8676
exact_match,400,200,1,similar_words,4,False,0,3281,7289
f1,400,200,1,similar_words,4,False,0,3281,7289
exact_match,400,200,1,similar_words,5,False,0,4916,5654
f1,400,200,1,similar_words,5,False,0,4916,5654
exact_match,400,200,1,similar_words,6,False,0,6445,4125
f1,400,200,1,similar_words,6,False,0,6445,4125
exact_match,400,200,1,similar_words,7,False,0,7740,2830
f1,400,200,1,similar_words,7,False,0,7740,2830
exact_match,400,200,1,similar_words,8,False,0,8738,1832
f1,400,200,1,similar_words,8,False,0,8738,1832
exact_match,400,200,1,similar_words,9,False,0,9437,1133
f1,400,200,1,similar_words,9,False,0,9437,1133
exact_match,500,200,1,similar_words,3,False,0,1894,8676
f1,500,200,1,similar_words,3,False,0,1894,8676
exact_match,500,200,1,similar_words,4,False,0,3281,7289
f1,500,200,1,similar_words,4,False,0,3281,7289
exact_match,500,200,1,similar_words,5,False,0,4916,5654
f1,500,200,1,similar_words,5,False,0,4916,5654
exact_match,500,200,1,similar_words,6,False,0,6445,4125
f1,500,200,1,similar_words,6,False,0,6445,4125
exact_match,500,200,1,similar_words,7,False,0,7740,2830
f1,500,200,1,similar_words,7,False,0,7740,2830
exact_match,500,200,1,similar_words,8,False,0,8738,1832
f1,500,200,1,similar_words,8,False,0,8738,1832
exact_match,500,200,1,similar_words,9,False,0,9437,1133
f1,500,200,1,similar_words,9,False,0,9437,1133
exact_match,100,300,1,similar_words,3,False,0,1894,8676
f1,100,300,1,similar_words,3,False,0,1894,8676
exact_match,100,300,1,similar_words,4,False,0,3281,7289
f1,100,300,1,similar_words,4,False,0,3281,7289
exact_match,100,300,1,similar_words,5,False,0,4916,5654
f1,100,300,1,similar_words,5,False,0,4916,5654
exact_match,100,300,1,similar_words,6,False,0,6445,4125
f1,100,300,1,similar_words,6,False,0,6445,4125
exact_match,100,300,1,similar_words,7,False,0,7740,2830
f1,100,300,1,similar_words,7,False,0,7740,2830
exact_match,100,300,1,similar_words,8,False,0,8738,1832
f1,100,300,1,similar_words,8,False,0,8738,1832
exact_match,100,300,1,similar_words,9,False,0,9437,1133
f1,100,300,1,similar_words,9,False,0,9437,1133
exact_match,200,300,1,similar_words,3,False,0,1894,8676
f1,200,300,1,similar_words,3,False,0,1894,8676
exact_match,200,300,1,similar_words,4,False,0,3281,7289
f1,200,300,1,similar_words,4,False,0,3281,7289
exact_match,200,300,1,similar_words,5,False,0,4916,5654
f1,200,300,1,similar_words,5,False,0,4916,5654
exact_match,200,300,1,similar_words,6,False,0,6445,4125
f1,200,300,1,similar_words,6,False,0,6445,4125
exact_match,200,300,1,similar_words,7,False,0,7740,2830
f1,200,300,1,similar_words,7,False,0,7740,2830
exact_match,200,300,1,similar_words,8,False,0,8738,1832
f1,200,300,1,similar_words,8,False,0,8738,1832
exact_match,200,300,1,similar_words,9,False,0,9437,1133
f1,200,300,1,similar_words,9,False,0,9437,1133
exact_match,300,300,1,similar_words,3,False,0,1894,8676
f1,300,300,1,similar_words,3,False,0,1894,8676
exact_match,300,300,1,similar_words,4,False,0,3281,7289
f1,300,300,1,similar_words,4,False,0,3281,7289
exact_match,300,300,1,similar_words,5,False,0,4916,5654
f1,300,300,1,similar_words,5,False,0,4916,5654
exact_match,300,300,1,similar_words,6,False,0,6445,4125
f1,300,300,1,similar_words,6,False,0,6445,4125
exact_match,300,300,1,similar_words,7,False,0,7740,2830
f1,300,300,1,similar_words,7,False,0,7740,2830
exact_match,300,300,1,similar_words,8,False,0,8738,1832
f1,300,300,1,similar_words,8,False,0,8738,1832
exact_match,300,300,1,similar_words,9,False,0,9437,1133
f1,300,300,1,similar_words,9,False,0,9437,1133
exact_match,400,300,1,similar_words,3,False,0,1894,8676
f1,400,300,1,similar_words,3,False,0,1894,8676
exact_match,400,300,1,similar_words,4,False,0,3281,7289
f1,400,300,1,similar_words,4,False,0,3281,7289
exact_match,400,300,1,similar_words,5,False,0,4916,5654
f1,400,300,1,similar_words,5,False,0,4916,5654
exact_match,400,300,1,similar_words,6,False,0,6445,4125
f1,400,300,1,similar_words,6,False,0,6445,4125
exact_match,400,300,1,similar_words,7,False,0,7740,2830
f1,400,300,1,similar_words,7,False,0,7740,2830
exact_match,400,300,1,similar_words,8,False,0,8738,1832
f1,400,300,1,similar_words,8,False,0,8738,1832
exact_match,400,300,1,similar_words,9,False,0,9437,1133
f1,400,300,1,similar_words,9,False,0,9437,1133
exact_match,500,300,1,similar_words,3,False,0,1894,8676
f1,500,300,1,similar_words,3,False,0,1894,8676
exact_match,500,300,1,similar_words,4,False,0,3281,7289
f1,500,300,1,similar_words,4,False,0,3281,7289
exact_match,500,300,1,similar_words,5,False,0,4916,5654
f1,500,300,1,similar_words,5,False,0,4916,5654
exact_match,500,300,1,similar_words,6,False,0,6445,4125
f1,500,300,1,similar_words,6,False,0,6445,4125
exact_match,500,300,1,similar_words,7,False,0,7740,2830
f1,500,300,1,similar_words,7,False,0,7740,2830
exact_match,500,300,1,similar_words,8,False,0,8738,1832
f1,500,300,1,similar_words,8,False,0,8738,1832
exact_match,500,300,1,similar_words,9,False,0,9437,1133
f1,500,300,1,similar_words,9,False,0,9437,1133
exact_match,100,400,1,similar_words,3,False,0,1894,8676
f1,100,400,1,similar_words,3,False,0,1894,8676
exact_match,100,400,1,similar_words,4,False,0,3281,7289
f1,100,400,1,similar_words,4,False,0,3281,7289
exact_match,100,400,1,similar_words,5,False,0,4916,5654
f1,100,400,1,similar_words,5,False,0,4916,5654
exact_match,100,400,1,similar_words,6,False,0,6445,4125
f1,100,400,1,similar_words,6,False,0,6445,4125
exact_match,100,400,1,similar_words,7,False,0,7740,2830
f1,100,400,1,similar_words,7,False,0,7740,2830
exact_match,100,400,1,similar_words,8,False,0,8738,1832
f1,100,400,1,similar_words,8,False,0,8738,1832
exact_match,100,400,1,similar_words,9,False,0,9437,1133
f1,100,400,1,similar_words,9,True,0.24886586734736227,9437,1133
exact_match,200,400,1,similar_words,3,False,0,1894,8676
f1,200,400,1,similar_words,3,False,0,1894,8676
exact_match,200,400,1,similar_words,4,False,0,3281,7289
f1,200,400,1,similar_words,4,False,0,3281,7289
exact_match,200,400,1,similar_words,5,False,0,4916,5654
f1,200,400,1,similar_words,5,False,0,4916,5654
exact_match,200,400,1,similar_words,6,False,0,6445,4125
f1,200,400,1,similar_words,6,False,0,6445,4125
exact_match,200,400,1,similar_words,7,False,0,7740,2830
f1,200,400,1,similar_words,7,False,0,7740,2830
exact_match,200,400,1,similar_words,8,False,0,8738,1832
f1,200,400,1,similar_words,8,False,0,8738,1832
exact_match,200,400,1,similar_words,9,False,0,9437,1133
f1,200,400,1,similar_words,9,False,0,9437,1133
exact_match,300,400,1,similar_words,3,False,0,1894,8676
f1,300,400,1,similar_words,3,False,0,1894,8676
exact_match,300,400,1,similar_words,4,False,0,3281,7289
f1,300,400,1,similar_words,4,False,0,3281,7289
exact_match,300,400,1,similar_words,5,False,0,4916,5654
f1,300,400,1,similar_words,5,False,0,4916,5654
exact_match,300,400,1,similar_words,6,False,0,6445,4125
f1,300,400,1,similar_words,6,False,0,6445,4125
exact_match,300,400,1,similar_words,7,False,0,7740,2830
f1,300,400,1,similar_words,7,False,0,7740,2830
exact_match,300,400,1,similar_words,8,False,0,8738,1832
f1,300,400,1,similar_words,8,False,0,8738,1832
exact_match,300,400,1,similar_words,9,False,0,9437,1133
f1,300,400,1,similar_words,9,False,0,9437,1133
exact_match,400,400,1,similar_words,3,False,0,1894,8676
f1,400,400,1,similar_words,3,False,0,1894,8676
exact_match,400,400,1,similar_words,4,False,0,3281,7289
f1,400,400,1,similar_words,4,False,0,3281,7289
exact_match,400,400,1,similar_words,5,False,0,4916,5654
f1,400,400,1,similar_words,5,False,0,4916,5654
exact_match,400,400,1,similar_words,6,False,0,6445,4125
f1,400,400,1,similar_words,6,False,0,6445,4125
exact_match,400,400,1,similar_words,7,False,0,7740,2830
f1,400,400,1,similar_words,7,False,0,7740,2830
exact_match,400,400,1,similar_words,8,False,0,8738,1832
f1,400,400,1,similar_words,8,False,0,8738,1832
exact_match,400,400,1,similar_words,9,False,0,9437,1133
f1,400,400,1,similar_words,9,False,0,9437,1133
exact_match,500,400,1,similar_words,3,False,0,1894,8676
f1,500,400,1,similar_words,3,False,0,1894,8676
exact_match,500,400,1,similar_words,4,False,0,3281,7289
f1,500,400,1,similar_words,4,False,0,3281,7289
exact_match,500,400,1,similar_words,5,False,0,4916,5654
f1,500,400,1,similar_words,5,False,0,4916,5654
exact_match,500,400,1,similar_words,6,False,0,6445,4125
f1,500,400,1,similar_words,6,False,0,6445,4125
exact_match,500,400,1,similar_words,7,False,0,7740,2830
f1,500,400,1,similar_words,7,False,0,7740,2830
exact_match,500,400,1,similar_words,8,False,0,8738,1832
f1,500,400,1,similar_words,8,False,0,8738,1832
exact_match,500,400,1,similar_words,9,False,0,9437,1133
f1,500,400,1,similar_words,9,False,0,9437,1133
exact_match,100,500,1,similar_words,3,False,0,1894,8676
f1,100,500,1,similar_words,3,False,0,1894,8676
exact_match,100,500,1,similar_words,4,False,0,3281,7289
f1,100,500,1,similar_words,4,False,0,3281,7289
exact_match,100,500,1,similar_words,5,False,0,4916,5654
f1,100,500,1,similar_words,5,False,0,4916,5654
exact_match,100,500,1,similar_words,6,False,0,6445,4125
f1,100,500,1,similar_words,6,False,0,6445,4125
exact_match,100,500,1,similar_words,7,False,0,7740,2830
f1,100,500,1,similar_words,7,False,0,7740,2830
exact_match,100,500,1,similar_words,8,False,0,8738,1832
f1,100,500,1,similar_words,8,False,0,8738,1832
exact_match,100,500,1,similar_words,9,False,0,9437,1133
f1,100,500,1,similar_words,9,False,0,9437,1133
exact_match,200,500,1,similar_words,3,False,0,1894,8676
f1,200,500,1,similar_words,3,False,0,1894,8676
exact_match,200,500,1,similar_words,4,False,0,3281,7289
f1,200,500,1,similar_words,4,False,0,3281,7289
exact_match,200,500,1,similar_words,5,False,0,4916,5654
f1,200,500,1,similar_words,5,False,0,4916,5654
exact_match,200,500,1,similar_words,6,False,0,6445,4125
f1,200,500,1,similar_words,6,False,0,6445,4125
exact_match,200,500,1,similar_words,7,False,0,7740,2830
f1,200,500,1,similar_words,7,False,0,7740,2830
exact_match,200,500,1,similar_words,8,False,0,8738,1832
f1,200,500,1,similar_words,8,False,0,8738,1832
exact_match,200,500,1,similar_words,9,False,0,9437,1133
f1,200,500,1,similar_words,9,False,0,9437,1133
exact_match,300,500,1,similar_words,3,False,0,1894,8676
f1,300,500,1,similar_words,3,False,0,1894,8676
exact_match,300,500,1,similar_words,4,False,0,3281,7289
f1,300,500,1,similar_words,4,False,0,3281,7289
exact_match,300,500,1,similar_words,5,False,0,4916,5654
f1,300,500,1,similar_words,5,False,0,4916,5654
exact_match,300,500,1,similar_words,6,False,0,6445,4125
f1,300,500,1,similar_words,6,False,0,6445,4125
exact_match,300,500,1,similar_words,7,False,0,7740,2830
f1,300,500,1,similar_words,7,False,0,7740,2830
exact_match,300,500,1,similar_words,8,False,0,8738,1832
f1,300,500,1,similar_words,8,False,0,8738,1832
exact_match,300,500,1,similar_words,9,False,0,9437,1133
f1,300,500,1,similar_words,9,True,0.05852033059606754,9437,1133
exact_match,400,500,1,similar_words,3,False,0,1894,8676
f1,400,500,1,similar_words,3,False,0,1894,8676
exact_match,400,500,1,similar_words,4,False,0,3281,7289
f1,400,500,1,similar_words,4,False,0,3281,7289
exact_match,400,500,1,similar_words,5,False,0,4916,5654
f1,400,500,1,similar_words,5,False,0,4916,5654
exact_match,400,500,1,similar_words,6,False,0,6445,4125
f1,400,500,1,similar_words,6,False,0,6445,4125
exact_match,400,500,1,similar_words,7,False,0,7740,2830
f1,400,500,1,similar_words,7,False,0,7740,2830
exact_match,400,500,1,similar_words,8,False,0,8738,1832
f1,400,500,1,similar_words,8,False,0,8738,1832
exact_match,400,500,1,similar_words,9,False,0,9437,1133
f1,400,500,1,similar_words,9,True,0.18128400680561185,9437,1133
exact_match,500,500,1,similar_words,3,False,0,1894,8676
f1,500,500,1,similar_words,3,False,0,1894,8676
exact_match,500,500,1,similar_words,4,False,0,3281,7289
f1,500,500,1,similar_words,4,False,0,3281,7289
exact_match,500,500,1,similar_words,5,False,0,4916,5654
f1,500,500,1,similar_words,5,False,0,4916,5654
exact_match,500,500,1,similar_words,6,False,0,6445,4125
f1,500,500,1,similar_words,6,False,0,6445,4125
exact_match,500,500,1,similar_words,7,False,0,7740,2830
f1,500,500,1,similar_words,7,False,0,7740,2830
exact_match,500,500,1,similar_words,8,False,0,8738,1832
f1,500,500,1,similar_words,8,False,0,8738,1832
exact_match,500,500,1,similar_words,9,False,0,9437,1133
f1,500,500,1,similar_words,9,False,0,9437,1133
exact_match,100,600,1,similar_words,3,False,0,1894,8676
f1,100,600,1,similar_words,3,False,0,1894,8676
exact_match,100,600,1,similar_words,4,False,0,3281,7289
f1,100,600,1,similar_words,4,False,0,3281,7289
exact_match,100,600,1,similar_words,5,False,0,4916,5654
f1,100,600,1,similar_words,5,False,0,4916,5654
exact_match,100,600,1,similar_words,6,False,0,6445,4125
f1,100,600,1,similar_words,6,False,0,6445,4125
exact_match,100,600,1,similar_words,7,False,0,7740,2830
f1,100,600,1,similar_words,7,True,0.022415992746061875,7740,2830
exact_match,100,600,1,similar_words,8,False,0,8738,1832
f1,100,600,1,similar_words,8,False,0,8738,1832
exact_match,100,600,1,similar_words,9,True,0.07916666666666572,9437,1133
f1,100,600,1,similar_words,9,True,0.1990444814301071,9437,1133
exact_match,200,600,1,similar_words,3,True,0.32500000000000284,1894,8676
f1,200,600,1,similar_words,3,True,0.06389676656240795,1894,8676
exact_match,200,600,1,similar_words,4,False,0,3281,7289
f1,200,600,1,similar_words,4,False,0,3281,7289
exact_match,200,600,1,similar_words,5,False,0,4916,5654
f1,200,600,1,similar_words,5,False,0,4916,5654
exact_match,200,600,1,similar_words,6,False,0,6445,4125
f1,200,600,1,similar_words,6,False,0,6445,4125
exact_match,200,600,1,similar_words,7,False,0,7740,2830
f1,200,600,1,similar_words,7,True,0.02662576337188227,7740,2830
exact_match,200,600,1,similar_words,8,False,0,8738,1832
f1,200,600,1,similar_words,8,False,0,8738,1832
exact_match,200,600,1,similar_words,9,True,0.1666666666666572,9437,1133
f1,200,600,1,similar_words,9,True,0.6671074852509946,9437,1133
exact_match,300,600,1,similar_words,3,True,0.1666666666666714,1894,8676
f1,300,600,1,similar_words,3,False,0,1894,8676
exact_match,300,600,1,similar_words,4,False,0,3281,7289
f1,300,600,1,similar_words,4,False,0,3281,7289
exact_match,300,600,1,similar_words,5,False,0,4916,5654
f1,300,600,1,similar_words,5,False,0,4916,5654
exact_match,300,600,1,similar_words,6,False,0,6445,4125
f1,300,600,1,similar_words,6,True,0.053733780710558676,6445,4125
exact_match,300,600,1,similar_words,7,False,0,7740,2830
f1,300,600,1,similar_words,7,False,0,7740,2830
exact_match,300,600,1,similar_words,8,False,0,8738,1832
f1,300,600,1,similar_words,8,True,0.07035998755803519,8738,1832
exact_match,300,600,1,similar_words,9,True,0.4124999999999943,9437,1133
f1,300,600,1,similar_words,9,True,0.7156279971601691,9437,1133
exact_match,400,600,1,similar_words,3,False,0,1894,8676
f1,400,600,1,similar_words,3,False,0,1894,8676
exact_match,400,600,1,similar_words,4,False,0,3281,7289
f1,400,600,1,similar_words,4,False,0,3281,7289
exact_match,400,600,1,similar_words,5,False,0,4916,5654
f1,400,600,1,similar_words,5,False,0,4916,5654
exact_match,400,600,1,similar_words,6,False,0,6445,4125
f1,400,600,1,similar_words,6,False,0,6445,4125
exact_match,400,600,1,similar_words,7,False,0,7740,2830
f1,400,600,1,similar_words,7,False,0,7740,2830
exact_match,400,600,1,similar_words,8,False,0,8738,1832
f1,400,600,1,similar_words,8,False,0,8738,1832
exact_match,400,600,1,similar_words,9,True,0.16250000000000853,9437,1133
f1,400,600,1,similar_words,9,True,0.18951696058584844,9437,1133
exact_match,500,600,1,similar_words,3,False,0,1894,8676
f1,500,600,1,similar_words,3,False,0,1894,8676
exact_match,500,600,1,similar_words,4,False,0,3281,7289
f1,500,600,1,similar_words,4,False,0,3281,7289
exact_match,500,600,1,similar_words,5,False,0,4916,5654
f1,500,600,1,similar_words,5,False,0,4916,5654
exact_match,500,600,1,similar_words,6,False,0,6445,4125
f1,500,600,1,similar_words,6,False,0,6445,4125
exact_match,500,600,1,similar_words,7,False,0,7740,2830
f1,500,600,1,similar_words,7,False,0,7740,2830
exact_match,500,600,1,similar_words,8,False,0,8738,1832
f1,500,600,1,similar_words,8,True,0.06997437300566389,8738,1832
exact_match,500,600,1,similar_words,9,True,0.24583333333333712,9437,1133
f1,500,600,1,similar_words,9,True,0.5632240956725383,9437,1133
exact_match,100,700,1,similar_words,3,True,0.1428571428571388,1894,8676
f1,100,700,1,similar_words,3,False,0,1894,8676
exact_match,100,700,1,similar_words,4,True,0.27142857142857224,3281,7289
f1,100,700,1,similar_words,4,True,0.05784196557445398,3281,7289
exact_match,100,700,1,similar_words,5,False,0,4916,5654
f1,100,700,1,similar_words,5,False,0,4916,5654
exact_match,100,700,1,similar_words,6,True,0.1357142857142719,6445,4125
f1,100,700,1,similar_words,6,True,0.14766370316661437,6445,4125
exact_match,100,700,1,similar_words,7,False,0,7740,2830
f1,100,700,1,similar_words,7,True,0.058312161820936126,7740,2830
exact_match,100,700,1,similar_words,8,False,0,8738,1832
f1,100,700,1,similar_words,8,False,0,8738,1832
exact_match,100,700,1,similar_words,9,True,0.4821428571428612,9437,1133
f1,100,700,1,similar_words,9,True,0.9290059330470086,9437,1133
exact_match,200,700,1,similar_words,3,True,0.8428571428571558,1894,8676
f1,200,700,1,similar_words,3,True,0.7375503275214044,1894,8676
exact_match,200,700,1,similar_words,4,False,0,3281,7289
f1,200,700,1,similar_words,4,False,0,3281,7289
exact_match,200,700,1,similar_words,5,False,0,4916,5654
f1,200,700,1,similar_words,5,False,0,4916,5654
exact_match,200,700,1,similar_words,6,False,0,6445,4125
f1,200,700,1,similar_words,6,True,0.044935031501935896,6445,4125
exact_match,200,700,1,similar_words,7,False,0,7740,2830
f1,200,700,1,similar_words,7,True,0.09939893898766172,7740,2830
exact_match,200,700,1,similar_words,8,False,0,8738,1832
f1,200,700,1,similar_words,8,True,0.2824506727788787,8738,1832
exact_match,200,700,1,similar_words,9,True,1.1357142857142861,9437,1133
f1,200,700,1,similar_words,9,True,0.8202341174169021,9437,1133
exact_match,300,700,1,similar_words,3,True,0.7142857142857224,1894,8676
f1,300,700,1,similar_words,3,True,0.2633248352823898,1894,8676
exact_match,300,700,1,similar_words,4,False,0,3281,7289
f1,300,700,1,similar_words,4,False,0,3281,7289
exact_match,300,700,1,similar_words,5,False,0,4916,5654
f1,300,700,1,similar_words,5,False,0,4916,5654
exact_match,300,700,1,similar_words,6,False,0,6445,4125
f1,300,700,1,similar_words,6,True,0.16984561099479834,6445,4125
exact_match,300,700,1,similar_words,7,False,0,7740,2830
f1,300,700,1,similar_words,7,True,0.09295364768817649,7740,2830
exact_match,300,700,1,similar_words,8,False,0,8738,1832
f1,300,700,1,similar_words,8,True,0.48143172127623757,8738,1832
exact_match,300,700,1,similar_words,9,True,0.7071428571428555,9437,1133
f1,300,700,1,similar_words,9,True,0.8151662401485424,9437,1133
exact_match,400,700,1,similar_words,3,True,0.28214285714284415,1894,8676
f1,400,700,1,similar_words,3,True,0.1827221584550358,1894,8676
exact_match,400,700,1,similar_words,4,False,0,3281,7289
f1,400,700,1,similar_words,4,False,0,3281,7289
exact_match,400,700,1,similar_words,5,False,0,4916,5654
f1,400,700,1,similar_words,5,False,0,4916,5654
exact_match,400,700,1,similar_words,6,False,0,6445,4125
f1,400,700,1,similar_words,6,True,0.40300163887471285,6445,4125
exact_match,400,700,1,similar_words,7,False,0,7740,2830
f1,400,700,1,similar_words,7,True,0.3241190251317647,7740,2830
exact_match,400,700,1,similar_words,8,False,0,8738,1832
f1,400,700,1,similar_words,8,True,0.6614504783345723,8738,1832
exact_match,400,700,1,similar_words,9,True,0.4285714285714306,9437,1133
f1,400,700,1,similar_words,9,True,0.9074553054194325,9437,1133
exact_match,500,700,1,similar_words,3,True,0.49642857142856656,1894,8676
f1,500,700,1,similar_words,3,True,0.21669160465528137,1894,8676
exact_match,500,700,1,similar_words,4,False,0,3281,7289
f1,500,700,1,similar_words,4,False,0,3281,7289
exact_match,500,700,1,similar_words,5,False,0,4916,5654
f1,500,700,1,similar_words,5,False,0,4916,5654
exact_match,500,700,1,similar_words,6,False,0,6445,4125
f1,500,700,1,similar_words,6,True,0.11897187512181517,6445,4125
exact_match,500,700,1,similar_words,7,False,0,7740,2830
f1,500,700,1,similar_words,7,True,0.17428097818748256,7740,2830
exact_match,500,700,1,similar_words,8,False,0,8738,1832
f1,500,700,1,similar_words,8,True,0.6828975014134926,8738,1832
exact_match,500,700,1,similar_words,9,True,0.8571428571428612,9437,1133
f1,500,700,1,similar_words,9,True,0.9414217528061215,9437,1133
exact_match,100,800,1,similar_words,3,True,0.6843750000000028,1894,8676
f1,100,800,1,similar_words,3,True,0.7254569441746099,1894,8676
exact_match,100,800,1,similar_words,4,True,0.30937500000000284,3281,7289
f1,100,800,1,similar_words,4,False,0,3281,7289
exact_match,100,800,1,similar_words,5,False,0,4916,5654
f1,100,800,1,similar_words,5,False,0,4916,5654
exact_match,100,800,1,similar_words,6,True,0.11249999999999716,6445,4125
f1,100,800,1,similar_words,6,True,0.23289813021202121,6445,4125
exact_match,100,800,1,similar_words,7,True,0.18437500000000284,7740,2830
f1,100,800,1,similar_words,7,True,0.6875163229274932,7740,2830
exact_match,100,800,1,similar_words,8,True,0.9343750000000028,8738,1832
f1,100,800,1,similar_words,8,True,0.5059178276192426,8738,1832
exact_match,100,800,1,similar_words,9,True,1.375,9437,1133
f1,100,800,1,similar_words,9,True,1.248098863037896,9437,1133
exact_match,200,800,1,similar_words,3,True,0.7406250000000085,1894,8676
f1,200,800,1,similar_words,3,True,0.6687057755543009,1894,8676
exact_match,200,800,1,similar_words,4,False,0,3281,7289
f1,200,800,1,similar_words,4,False,0,3281,7289
exact_match,200,800,1,similar_words,5,True,0.12187500000000284,4916,5654
f1,200,800,1,similar_words,5,True,0.161779385140278,4916,5654
exact_match,200,800,1,similar_words,6,False,0,6445,4125
f1,200,800,1,similar_words,6,True,0.24690044317790694,6445,4125
exact_match,200,800,1,similar_words,7,False,0,7740,2830
f1,200,800,1,similar_words,7,True,0.03113214070685899,7740,2830
exact_match,200,800,1,similar_words,8,False,0,8738,1832
f1,200,800,1,similar_words,8,True,0.7283204810643582,8738,1832
exact_match,200,800,1,similar_words,9,True,1.6218750000000028,9437,1133
f1,200,800,1,similar_words,9,True,1.6408305254824,9437,1133
exact_match,300,800,1,similar_words,3,True,0.5593750000000028,1894,8676
f1,300,800,1,similar_words,3,True,0.48368326823143093,1894,8676
exact_match,300,800,1,similar_words,4,True,0.18437500000000284,3281,7289
f1,300,800,1,similar_words,4,False,0,3281,7289
exact_match,300,800,1,similar_words,5,False,0,4916,5654
f1,300,800,1,similar_words,5,False,0,4916,5654
exact_match,300,800,1,similar_words,6,True,0.18437500000000284,6445,4125
f1,300,800,1,similar_words,6,True,0.06128850435163713,6445,4125
exact_match,300,800,1,similar_words,7,True,0.18437500000000284,7740,2830
f1,300,800,1,similar_words,7,True,0.49808480185562587,7740,2830
exact_match,300,800,1,similar_words,8,False,0,8738,1832
f1,300,800,1,similar_words,8,True,0.3725792191128079,8738,1832
exact_match,300,800,1,similar_words,9,True,1.1843750000000028,9437,1133
f1,300,800,1,similar_words,9,True,1.410997704082348,9437,1133
exact_match,400,800,1,similar_words,3,True,0.6218750000000028,1894,8676
f1,400,800,1,similar_words,3,True,0.214593202784215,1894,8676
exact_match,400,800,1,similar_words,4,False,0,3281,7289
f1,400,800,1,similar_words,4,False,0,3281,7289
exact_match,400,800,1,similar_words,5,False,0,4916,5654
f1,400,800,1,similar_words,5,True,0.013023279396009002,4916,5654
exact_match,400,800,1,similar_words,6,True,0.25,6445,4125
f1,400,800,1,similar_words,6,True,0.1039094928613622,6445,4125
exact_match,400,800,1,similar_words,7,True,0.12187500000000284,7740,2830
f1,400,800,1,similar_words,7,True,0.6535689192073022,7740,2830
exact_match,400,800,1,similar_words,8,False,0,8738,1832
f1,400,800,1,similar_words,8,True,0.6034450437553005,8738,1832
exact_match,400,800,1,similar_words,9,True,0.9937500000000057,9437,1133
f1,400,800,1,similar_words,9,True,1.238927067245271,9437,1133
exact_match,500,800,1,similar_words,3,True,0.75,1894,8676
f1,500,800,1,similar_words,3,True,0.3353766511596774,1894,8676
exact_match,500,800,1,similar_words,4,True,0.43437500000000284,3281,7289
f1,500,800,1,similar_words,4,True,0.04231096461352024,3281,7289
exact_match,500,800,1,similar_words,5,False,0,4916,5654
f1,500,800,1,similar_words,5,True,0.008348038871233143,4916,5654
exact_match,500,800,1,similar_words,6,True,0.05937500000000284,6445,4125
f1,500,800,1,similar_words,6,True,0.20471571537063937,6445,4125
exact_match,500,800,1,similar_words,7,False,0,7740,2830
f1,500,800,1,similar_words,7,True,0.046566320264489036,7740,2830
exact_match,500,800,1,similar_words,8,True,0.125,8738,1832
f1,500,800,1,similar_words,8,True,0.4286720684320926,8738,1832
exact_match,500,800,1,similar_words,9,True,1.375,9437,1133
f1,500,800,1,similar_words,9,True,1.3104886890483414,9437,1133
exact_match,100,900,1,similar_words,3,True,0.4333333333333229,1894,8676
f1,100,900,1,similar_words,3,True,0.9536522082673571,1894,8676
exact_match,100,900,1,similar_words,4,True,0.9777777777777885,3281,7289
f1,100,900,1,similar_words,4,True,0.26681527667516036,3281,7289
exact_match,100,900,1,similar_words,5,True,0.38055555555556,4916,5654
f1,100,900,1,similar_words,5,True,0.26589148397356155,4916,5654
exact_match,100,900,1,similar_words,6,True,0.6666666666666714,6445,4125
f1,100,900,1,similar_words,6,True,0.6812023599756714,6445,4125
exact_match,100,900,1,similar_words,7,True,0.7666666666666657,7740,2830
f1,100,900,1,similar_words,7,True,1.0630759160518863,7740,2830
exact_match,100,900,1,similar_words,8,True,0.052777777777777146,8738,1832
f1,100,900,1,similar_words,8,True,0.7463245551032003,8738,1832
exact_match,100,900,1,similar_words,9,True,1.8888888888888857,9437,1133
f1,100,900,1,similar_words,9,True,2.020337553850524,9437,1133
exact_match,200,900,1,similar_words,3,True,1.0,1894,8676
f1,200,900,1,similar_words,3,True,0.8394070901783408,1894,8676
exact_match,200,900,1,similar_words,4,True,0.32500000000000284,3281,7289
f1,200,900,1,similar_words,4,True,0.06443095877476424,3281,7289
exact_match,200,900,1,similar_words,5,True,0.6611111111111114,4916,5654
f1,200,900,1,similar_words,5,True,0.7597298246368496,4916,5654
exact_match,200,900,1,similar_words,6,True,0.7694444444444457,6445,4125
f1,200,900,1,similar_words,6,True,0.7952263963141917,6445,4125
exact_match,200,900,1,similar_words,7,True,0.3277777777777686,7740,2830
f1,200,900,1,similar_words,7,True,0.8948609404089041,7740,2830
exact_match,200,900,1,similar_words,8,True,0.4416666666666629,8738,1832
f1,200,900,1,similar_words,8,True,1.0950121696912305,8738,1832
exact_match,200,900,1,similar_words,9,True,1.7777777777777715,9437,1133
f1,200,900,1,similar_words,9,True,1.5551625943710121,9437,1133
exact_match,300,900,1,similar_words,3,True,1.1638888888888772,1894,8676
f1,300,900,1,similar_words,3,True,0.44028256081949735,1894,8676
exact_match,300,900,1,similar_words,4,True,0.38611111111110574,3281,7289
f1,300,900,1,similar_words,4,True,0.10441513368749611,3281,7289
exact_match,300,900,1,similar_words,5,True,0.052777777777777146,4916,5654
f1,300,900,1,similar_words,5,True,0.08921209340212499,4916,5654
exact_match,300,900,1,similar_words,6,True,0.2750000000000057,6445,4125
f1,300,900,1,similar_words,6,True,0.6171207673551891,6445,4125
exact_match,300,900,1,similar_words,7,False,0,7740,2830
f1,300,900,1,similar_words,7,True,0.3920251472091252,7740,2830
exact_match,300,900,1,similar_words,8,True,0.3333333333333428,8738,1832
f1,300,900,1,similar_words,8,True,0.964137575139759,8738,1832
exact_match,300,900,1,similar_words,9,True,1.6083333333333343,9437,1133
f1,300,900,1,similar_words,9,True,1.4978982028771526,9437,1133
exact_match,400,900,1,similar_words,3,True,0.99722222222222,1894,8676
f1,400,900,1,similar_words,3,True,0.6855458294776042,1894,8676
exact_match,400,900,1,similar_words,4,True,0.22222222222221433,3281,7289
f1,400,900,1,similar_words,4,True,0.055954118796577745,3281,7289
exact_match,400,900,1,similar_words,5,False,0,4916,5654
f1,400,900,1,similar_words,5,True,0.25967357980127304,4916,5654
exact_match,400,900,1,similar_words,6,True,0.5527777777777771,6445,4125
f1,400,900,1,similar_words,6,True,0.6466534223584972,6445,4125
exact_match,400,900,1,similar_words,7,False,0,7740,2830
f1,400,900,1,similar_words,7,True,0.5662809429371549,7740,2830
exact_match,400,900,1,similar_words,8,True,0.7749999999999915,8738,1832
f1,400,900,1,similar_words,8,True,1.2102003083813173,8738,1832
exact_match,400,900,1,similar_words,9,True,1.8888888888888857,9437,1133
f1,400,900,1,similar_words,9,True,1.3391699041057024,9437,1133
exact_match,500,900,1,similar_words,3,True,0.6611111111111114,1894,8676
f1,500,900,1,similar_words,3,True,0.8304814306840029,1894,8676
exact_match,500,900,1,similar_words,4,True,0.052777777777777146,3281,7289
f1,500,900,1,similar_words,4,False,0,3281,7289
exact_match,500,900,1,similar_words,5,True,0.11111111111111427,4916,5654
f1,500,900,1,similar_words,5,True,0.3780630481043943,4916,5654
exact_match,500,900,1,similar_words,6,True,0.22222222222222854,6445,4125
f1,500,900,1,similar_words,6,True,0.511821777214351,6445,4125
exact_match,500,900,1,similar_words,7,True,0.49722222222222,7740,2830
f1,500,900,1,similar_words,7,True,0.5477702073680177,7740,2830
exact_match,500,900,1,similar_words,8,True,0.38611111111110574,8738,1832
f1,500,900,1,similar_words,8,True,0.9646960682293866,8738,1832
exact_match,500,900,1,similar_words,9,True,1.49722222222222,9437,1133
f1,500,900,1,similar_words,9,True,1.4843714095685243,9437,1133
exact_match,100,1000,1,similar_words,3,True,1.5474999999999994,1894,8676
f1,100,1000,1,similar_words,3,True,0.6533373335138464,1894,8676
exact_match,100,1000,1,similar_words,4,True,1.5,3281,7289
f1,100,1000,1,similar_words,4,True,0.6796271929688515,3281,7289
exact_match,100,1000,1,similar_words,5,True,0.332499999999996,4916,5654
f1,100,1000,1,similar_words,5,True,0.5033029699194174,4916,5654
exact_match,100,1000,1,similar_words,6,True,0.1424999999999983,6445,4125
f1,100,1000,1,similar_words,6,True,0.39004422349894696,6445,4125
exact_match,100,1000,1,similar_words,7,True,1.0949999999999989,7740,2830
f1,100,1000,1,similar_words,7,True,1.0040746743761275,7740,2830
exact_match,100,1000,1,similar_words,8,True,0.8475000000000108,8738,1832
f1,100,1000,1,similar_words,8,True,1.362985274398497,8738,1832
exact_match,100,1000,1,similar_words,9,True,2.7475000000000023,9437,1133
f1,100,1000,1,similar_words,9,True,2.1460582433845588,9437,1133
exact_match,200,1000,1,similar_words,3,True,1.0999999999999943,1894,8676
f1,200,1000,1,similar_words,3,True,0.9377379610700984,1894,8676
exact_match,200,1000,1,similar_words,4,True,0.6975000000000051,3281,7289
f1,200,1000,1,similar_words,4,True,0.37130867580046356,3281,7289
exact_match,200,1000,1,similar_words,5,True,0.2874999999999943,4916,5654
f1,200,1000,1,similar_words,5,True,0.6957004345541549,4916,5654
exact_match,200,1000,1,similar_words,6,True,1.0949999999999989,6445,4125
f1,200,1000,1,similar_words,6,True,0.9002419853460566,6445,4125
exact_match,200,1000,1,similar_words,7,True,0.6900000000000119,7740,2830
f1,200,1000,1,similar_words,7,True,0.6832275868766828,7740,2830
exact_match,200,1000,1,similar_words,8,True,0.5925000000000011,8738,1832
f1,200,1000,1,similar_words,8,True,1.281431593507449,8738,1832
exact_match,200,1000,1,similar_words,9,True,2.3974999999999937,9437,1133
f1,200,1000,1,similar_words,9,True,2.0954509776485253,9437,1133
exact_match,300,1000,1,similar_words,3,True,1.147500000000008,1894,8676
f1,300,1000,1,similar_words,3,True,0.7694056775976179,1894,8676
exact_match,300,1000,1,similar_words,4,True,0.7475000000000023,3281,7289
f1,300,1000,1,similar_words,4,True,0.3120383342251216,3281,7289
exact_match,300,1000,1,similar_words,5,True,0.4475000000000051,4916,5654
f1,300,1000,1,similar_words,5,True,0.5871811254635446,4916,5654
exact_match,300,1000,1,similar_words,6,True,0.5949999999999989,6445,4125
f1,300,1000,1,similar_words,6,True,0.7202164995956508,6445,4125
exact_match,300,1000,1,similar_words,7,True,1.0,7740,2830
f1,300,1000,1,similar_words,7,True,1.0425554913997246,7740,2830
exact_match,300,1000,1,similar_words,8,True,0.5,8738,1832
f1,300,1000,1,similar_words,8,True,1.1100862909144809,8738,1832
exact_match,300,1000,1,similar_words,9,True,1.9950000000000045,9437,1133
f1,300,1000,1,similar_words,9,True,1.9895024314038068,9437,1133
exact_match,400,1000,1,similar_words,3,True,1.397500000000008,1894,8676
f1,400,1000,1,similar_words,3,True,1.0114294055695154,1894,8676
exact_match,400,1000,1,similar_words,4,True,0.9000000000000057,3281,7289
f1,400,1000,1,similar_words,4,True,0.2638837472844102,3281,7289
exact_match,400,1000,1,similar_words,5,True,0.394999999999996,4916,5654
f1,400,1000,1,similar_words,5,True,0.5034217515717216,4916,5654
exact_match,400,1000,1,similar_words,6,True,0.5974999999999966,6445,4125
f1,400,1000,1,similar_words,6,True,0.7237312391323911,6445,4125
exact_match,400,1000,1,similar_words,7,True,0.6950000000000074,7740,2830
f1,400,1000,1,similar_words,7,True,0.9951279616169444,7740,2830
exact_match,400,1000,1,similar_words,8,True,1.197499999999991,8738,1832
f1,400,1000,1,similar_words,8,True,1.5665241129354968,8738,1832
exact_match,400,1000,1,similar_words,9,True,2.299999999999997,9437,1133
f1,400,1000,1,similar_words,9,True,2.08590801559788,9437,1133
exact_match,500,1000,1,similar_words,3,True,1.5,1894,8676
f1,500,1000,1,similar_words,3,True,1.1462560075143955,1894,8676
exact_match,500,1000,1,similar_words,4,True,0.7475000000000023,3281,7289
f1,500,1000,1,similar_words,4,True,0.22371868824588148,3281,7289
exact_match,500,1000,1,similar_words,5,True,0.14749999999999375,4916,5654
f1,500,1000,1,similar_words,5,True,0.5513847412061068,4916,5654
exact_match,500,1000,1,similar_words,6,True,0.39500000000001023,6445,4125
f1,500,1000,1,similar_words,6,True,0.5888811507134761,6445,4125
exact_match,500,1000,1,similar_words,7,True,0.5474999999999994,7740,2830
f1,500,1000,1,similar_words,7,True,0.9409882923196022,7740,2830
exact_match,500,1000,1,similar_words,8,True,0.9475000000000051,8738,1832
f1,500,1000,1,similar_words,8,True,1.346923757897514,8738,1832
exact_match,500,1000,1,similar_words,9,True,2.1474999999999937,9437,1133
f1,500,1000,1,similar_words,9,True,2.003888524271119,9437,1133
exact_match,100,200,1,kth_sentence,0,False,0,2236,8334
f1,100,200,1,kth_sentence,0,False,0,2236,8334
exact_match,100,200,1,kth_sentence,1,False,0,5004,5566
f1,100,200,1,kth_sentence,1,False,0,5004,5566
exact_match,100,200,1,kth_sentence,2,False,0,7249,3321
f1,100,200,1,kth_sentence,2,False,0,7249,3321
exact_match,100,200,1,kth_sentence,3,False,0,8771,1799
f1,100,200,1,kth_sentence,3,False,0,8771,1799
exact_match,100,200,1,kth_sentence,4,False,0,9626,944
f1,100,200,1,kth_sentence,4,False,0,9626,944
exact_match,300,200,1,kth_sentence,0,False,0,2236,8334
f1,300,200,1,kth_sentence,0,False,0,2236,8334
exact_match,300,200,1,kth_sentence,1,False,0,5004,5566
f1,300,200,1,kth_sentence,1,False,0,5004,5566
exact_match,300,200,1,kth_sentence,2,False,0,7249,3321
f1,300,200,1,kth_sentence,2,False,0,7249,3321
exact_match,300,200,1,kth_sentence,3,False,0,8771,1799
f1,300,200,1,kth_sentence,3,False,0,8771,1799
exact_match,300,200,1,kth_sentence,4,False,0,9626,944
f1,300,200,1,kth_sentence,4,False,0,9626,944
exact_match,500,200,1,kth_sentence,0,False,0,2236,8334
f1,500,200,1,kth_sentence,0,False,0,2236,8334
exact_match,500,200,1,kth_sentence,1,False,0,5004,5566
f1,500,200,1,kth_sentence,1,False,0,5004,5566
exact_match,500,200,1,kth_sentence,2,False,0,7249,3321
f1,500,200,1,kth_sentence,2,False,0,7249,3321
exact_match,500,200,1,kth_sentence,3,False,0,8771,1799
f1,500,200,1,kth_sentence,3,False,0,8771,1799
exact_match,500,200,1,kth_sentence,4,False,0,9626,944
f1,500,200,1,kth_sentence,4,False,0,9626,944
exact_match,100,400,1,kth_sentence,0,False,0,2236,8334
f1,100,400,1,kth_sentence,0,False,0,2236,8334
exact_match,100,400,1,kth_sentence,1,False,0,5004,5566
f1,100,400,1,kth_sentence,1,False,0,5004,5566
exact_match,100,400,1,kth_sentence,2,False,0,7249,3321
f1,100,400,1,kth_sentence,2,False,0,7249,3321
exact_match,100,400,1,kth_sentence,3,False,0,8771,1799
f1,100,400,1,kth_sentence,3,False,0,8771,1799
exact_match,100,400,1,kth_sentence,4,False,0,9626,944
f1,100,400,1,kth_sentence,4,False,0,9626,944
exact_match,300,400,1,kth_sentence,0,False,0,2236,8334
f1,300,400,1,kth_sentence,0,False,0,2236,8334
exact_match,300,400,1,kth_sentence,1,False,0,5004,5566
f1,300,400,1,kth_sentence,1,False,0,5004,5566
exact_match,300,400,1,kth_sentence,2,False,0,7249,3321
f1,300,400,1,kth_sentence,2,False,0,7249,3321
exact_match,300,400,1,kth_sentence,3,False,0,8771,1799
f1,300,400,1,kth_sentence,3,False,0,8771,1799
exact_match,300,400,1,kth_sentence,4,False,0,9626,944
f1,300,400,1,kth_sentence,4,False,0,9626,944
exact_match,500,400,1,kth_sentence,0,False,0,2236,8334
f1,500,400,1,kth_sentence,0,False,0,2236,8334
exact_match,500,400,1,kth_sentence,1,False,0,5004,5566
f1,500,400,1,kth_sentence,1,False,0,5004,5566
exact_match,500,400,1,kth_sentence,2,False,0,7249,3321
f1,500,400,1,kth_sentence,2,False,0,7249,3321
exact_match,500,400,1,kth_sentence,3,False,0,8771,1799
f1,500,400,1,kth_sentence,3,False,0,8771,1799
exact_match,500,400,1,kth_sentence,4,False,0,9626,944
f1,500,400,1,kth_sentence,4,False,0,9626,944
exact_match,100,600,1,kth_sentence,0,False,0,2236,8334
f1,100,600,1,kth_sentence,0,False,0,2236,8334
exact_match,100,600,1,kth_sentence,1,False,0,5004,5566
f1,100,600,1,kth_sentence,1,False,0,5004,5566
exact_match,100,600,1,kth_sentence,2,False,0,7249,3321
f1,100,600,1,kth_sentence,2,False,0,7249,3321
exact_match,100,600,1,kth_sentence,3,False,0,8771,1799
f1,100,600,1,kth_sentence,3,False,0,8771,1799
exact_match,100,600,1,kth_sentence,4,False,0,9626,944
f1,100,600,1,kth_sentence,4,False,0,9626,944
exact_match,300,600,1,kth_sentence,0,False,0,2236,8334
f1,300,600,1,kth_sentence,0,False,0,2236,8334
exact_match,300,600,1,kth_sentence,1,False,0,5004,5566
f1,300,600,1,kth_sentence,1,False,0,5004,5566
exact_match,300,600,1,kth_sentence,2,False,0,7249,3321
f1,300,600,1,kth_sentence,2,False,0,7249,3321
exact_match,300,600,1,kth_sentence,3,False,0,8771,1799
f1,300,600,1,kth_sentence,3,False,0,8771,1799
exact_match,300,600,1,kth_sentence,4,False,0,9626,944
f1,300,600,1,kth_sentence,4,False,0,9626,944
exact_match,500,600,1,kth_sentence,0,False,0,2236,8334
f1,500,600,1,kth_sentence,0,False,0,2236,8334
exact_match,500,600,1,kth_sentence,1,False,0,5004,5566
f1,500,600,1,kth_sentence,1,False,0,5004,5566
exact_match,500,600,1,kth_sentence,2,False,0,7249,3321
f1,500,600,1,kth_sentence,2,False,0,7249,3321
exact_match,500,600,1,kth_sentence,3,False,0,8771,1799
f1,500,600,1,kth_sentence,3,False,0,8771,1799
exact_match,500,600,1,kth_sentence,4,False,0,9626,944
f1,500,600,1,kth_sentence,4,False,0,9626,944
exact_match,100,800,1,kth_sentence,0,False,0,2236,8334
f1,100,800,1,kth_sentence,0,False,0,2236,8334
exact_match,100,800,1,kth_sentence,1,False,0,5004,5566
f1,100,800,1,kth_sentence,1,False,0,5004,5566
exact_match,100,800,1,kth_sentence,2,False,0,7249,3321
f1,100,800,1,kth_sentence,2,False,0,7249,3321
exact_match,100,800,1,kth_sentence,3,False,0,8771,1799
f1,100,800,1,kth_sentence,3,False,0,8771,1799
exact_match,100,800,1,kth_sentence,4,True,0.053125000000008527,9626,944
f1,100,800,1,kth_sentence,4,False,0,9626,944
exact_match,300,800,1,kth_sentence,0,False,0,2236,8334
f1,300,800,1,kth_sentence,0,False,0,2236,8334
exact_match,300,800,1,kth_sentence,1,False,0,5004,5566
f1,300,800,1,kth_sentence,1,False,0,5004,5566
exact_match,300,800,1,kth_sentence,2,False,0,7249,3321
f1,300,800,1,kth_sentence,2,False,0,7249,3321
exact_match,300,800,1,kth_sentence,3,False,0,8771,1799
f1,300,800,1,kth_sentence,3,False,0,8771,1799
exact_match,300,800,1,kth_sentence,4,False,0,9626,944
f1,300,800,1,kth_sentence,4,False,0,9626,944
exact_match,500,800,1,kth_sentence,0,False,0,2236,8334
f1,500,800,1,kth_sentence,0,False,0,2236,8334
exact_match,500,800,1,kth_sentence,1,False,0,5004,5566
f1,500,800,1,kth_sentence,1,False,0,5004,5566
exact_match,500,800,1,kth_sentence,2,False,0,7249,3321
f1,500,800,1,kth_sentence,2,False,0,7249,3321
exact_match,500,800,1,kth_sentence,3,False,0,8771,1799
f1,500,800,1,kth_sentence,3,False,0,8771,1799
exact_match,500,800,1,kth_sentence,4,False,0,9626,944
f1,500,800,1,kth_sentence,4,False,0,9626,944
exact_match,100,1000,1,kth_sentence,0,True,0.30000000000001137,2236,8334
f1,100,1000,1,kth_sentence,0,False,0,2236,8334
exact_match,100,1000,1,kth_sentence,1,False,0,5004,5566
f1,100,1000,1,kth_sentence,1,False,0,5004,5566
exact_match,100,1000,1,kth_sentence,2,False,0,7249,3321
f1,100,1000,1,kth_sentence,2,False,0,7249,3321
exact_match,100,1000,1,kth_sentence,3,False,0,8771,1799
f1,100,1000,1,kth_sentence,3,False,0,8771,1799
exact_match_not_enough_samples,100,1000,1,kth_sentence,4,Nan,-1,9626,944
f1_not_enough_samples,100,1000,1,kth_sentence,4,Nan,-1,9626,944
exact_match,300,1000,1,kth_sentence,0,False,0,2236,8334
f1,300,1000,1,kth_sentence,0,False,0,2236,8334
exact_match,300,1000,1,kth_sentence,1,False,0,5004,5566
f1,300,1000,1,kth_sentence,1,False,0,5004,5566
exact_match,300,1000,1,kth_sentence,2,False,0,7249,3321
f1,300,1000,1,kth_sentence,2,False,0,7249,3321
exact_match,300,1000,1,kth_sentence,3,False,0,8771,1799
f1,300,1000,1,kth_sentence,3,False,0,8771,1799
exact_match_not_enough_samples,300,1000,1,kth_sentence,4,Nan,-1,9626,944
f1_not_enough_samples,300,1000,1,kth_sentence,4,Nan,-1,9626,944
exact_match,500,1000,1,kth_sentence,0,False,0,2236,8334
f1,500,1000,1,kth_sentence,0,False,0,2236,8334
exact_match,500,1000,1,kth_sentence,1,False,0,5004,5566
f1,500,1000,1,kth_sentence,1,False,0,5004,5566
exact_match,500,1000,1,kth_sentence,2,False,0,7249,3321
f1,500,1000,1,kth_sentence,2,False,0,7249,3321
exact_match,500,1000,1,kth_sentence,3,False,0,8771,1799
f1,500,1000,1,kth_sentence,3,False,0,8771,1799
exact_match_not_enough_samples,500,1000,1,kth_sentence,4,Nan,-1,9626,944
f1_not_enough_samples,500,1000,1,kth_sentence,4,Nan,-1,9626,944
exact_match,100,200,1,cosine_similarity,0.1,False,0,954,9616
f1,100,200,1,cosine_similarity,0.1,False,0,954,9616
exact_match,100,200,1,cosine_similarity,0.2,False,0,2941,7629
f1,100,200,1,cosine_similarity,0.2,False,0,2941,7629
exact_match,100,200,1,cosine_similarity,0.3,False,0,5362,5208
f1,100,200,1,cosine_similarity,0.3,False,0,5362,5208
exact_match,100,200,1,cosine_similarity,0.4,False,0,7602,2968
f1,100,200,1,cosine_similarity,0.4,False,0,7602,2968
exact_match,100,200,1,cosine_similarity,0.5,False,0,9262,1308
f1,100,200,1,cosine_similarity,0.5,False,0,9262,1308
exact_match,100,200,1,cosine_similarity,0.6,False,0,10164,406
f1,100,200,1,cosine_similarity,0.6,False,0,10164,406
exact_match,300,200,1,cosine_similarity,0.1,False,0,954,9616
f1,300,200,1,cosine_similarity,0.1,False,0,954,9616
exact_match,300,200,1,cosine_similarity,0.2,False,0,2941,7629
f1,300,200,1,cosine_similarity,0.2,False,0,2941,7629
exact_match,300,200,1,cosine_similarity,0.3,False,0,5362,5208
f1,300,200,1,cosine_similarity,0.3,False,0,5362,5208
exact_match,300,200,1,cosine_similarity,0.4,False,0,7602,2968
f1,300,200,1,cosine_similarity,0.4,False,0,7602,2968
exact_match,300,200,1,cosine_similarity,0.5,False,0,9262,1308
f1,300,200,1,cosine_similarity,0.5,False,0,9262,1308
exact_match,300,200,1,cosine_similarity,0.6,False,0,10164,406
f1,300,200,1,cosine_similarity,0.6,False,0,10164,406
exact_match,500,200,1,cosine_similarity,0.1,False,0,954,9616
f1,500,200,1,cosine_similarity,0.1,False,0,954,9616
exact_match,500,200,1,cosine_similarity,0.2,False,0,2941,7629
f1,500,200,1,cosine_similarity,0.2,False,0,2941,7629
exact_match,500,200,1,cosine_similarity,0.3,False,0,5362,5208
f1,500,200,1,cosine_similarity,0.3,False,0,5362,5208
exact_match,500,200,1,cosine_similarity,0.4,False,0,7602,2968
f1,500,200,1,cosine_similarity,0.4,False,0,7602,2968
exact_match,500,200,1,cosine_similarity,0.5,False,0,9262,1308
f1,500,200,1,cosine_similarity,0.5,False,0,9262,1308
exact_match,500,200,1,cosine_similarity,0.6,False,0,10164,406
f1,500,200,1,cosine_similarity,0.6,False,0,10164,406
exact_match,100,400,1,cosine_similarity,0.1,False,0,954,9616
f1,100,400,1,cosine_similarity,0.1,False,0,954,9616
exact_match,100,400,1,cosine_similarity,0.2,False,0,2941,7629
f1,100,400,1,cosine_similarity,0.2,False,0,2941,7629
exact_match,100,400,1,cosine_similarity,0.3,False,0,5362,5208
f1,100,400,1,cosine_similarity,0.3,False,0,5362,5208
exact_match,100,400,1,cosine_similarity,0.4,False,0,7602,2968
f1,100,400,1,cosine_similarity,0.4,False,0,7602,2968
exact_match,100,400,1,cosine_similarity,0.5,False,0,9262,1308
f1,100,400,1,cosine_similarity,0.5,False,0,9262,1308
exact_match,100,400,1,cosine_similarity,0.6,False,0,10164,406
f1,100,400,1,cosine_similarity,0.6,False,0,10164,406
exact_match,300,400,1,cosine_similarity,0.1,False,0,954,9616
f1,300,400,1,cosine_similarity,0.1,False,0,954,9616
exact_match,300,400,1,cosine_similarity,0.2,False,0,2941,7629
f1,300,400,1,cosine_similarity,0.2,False,0,2941,7629
exact_match,300,400,1,cosine_similarity,0.3,False,0,5362,5208
f1,300,400,1,cosine_similarity,0.3,False,0,5362,5208
exact_match,300,400,1,cosine_similarity,0.4,False,0,7602,2968
f1,300,400,1,cosine_similarity,0.4,False,0,7602,2968
exact_match,300,400,1,cosine_similarity,0.5,False,0,9262,1308
f1,300,400,1,cosine_similarity,0.5,False,0,9262,1308
exact_match,300,400,1,cosine_similarity,0.6,False,0,10164,406
f1,300,400,1,cosine_similarity,0.6,False,0,10164,406
exact_match,500,400,1,cosine_similarity,0.1,False,0,954,9616
f1,500,400,1,cosine_similarity,0.1,False,0,954,9616
exact_match,500,400,1,cosine_similarity,0.2,False,0,2941,7629
f1,500,400,1,cosine_similarity,0.2,False,0,2941,7629
exact_match,500,400,1,cosine_similarity,0.3,False,0,5362,5208
f1,500,400,1,cosine_similarity,0.3,False,0,5362,5208
exact_match,500,400,1,cosine_similarity,0.4,False,0,7602,2968
f1,500,400,1,cosine_similarity,0.4,False,0,7602,2968
exact_match,500,400,1,cosine_similarity,0.5,False,0,9262,1308
f1,500,400,1,cosine_similarity,0.5,False,0,9262,1308
exact_match,500,400,1,cosine_similarity,0.6,False,0,10164,406
f1,500,400,1,cosine_similarity,0.6,False,0,10164,406
exact_match,100,600,1,cosine_similarity,0.1,True,0.7458333333333371,954,9616
f1,100,600,1,cosine_similarity,0.1,True,0.4395686162898045,954,9616
exact_match,100,600,1,cosine_similarity,0.2,False,0,2941,7629
f1,100,600,1,cosine_similarity,0.2,False,0,2941,7629
exact_match,100,600,1,cosine_similarity,0.3,False,0,5362,5208
f1,100,600,1,cosine_similarity,0.3,False,0,5362,5208
exact_match,100,600,1,cosine_similarity,0.4,False,0,7602,2968
f1,100,600,1,cosine_similarity,0.4,False,0,7602,2968
exact_match,100,600,1,cosine_similarity,0.5,False,0,9262,1308
f1,100,600,1,cosine_similarity,0.5,False,0,9262,1308
exact_match_not_enough_samples,100,600,1,cosine_similarity,0.6,Nan,-1,10164,406
f1_not_enough_samples,100,600,1,cosine_similarity,0.6,Nan,-1,10164,406
exact_match,300,600,1,cosine_similarity,0.1,True,0.7375000000000114,954,9616
f1,300,600,1,cosine_similarity,0.1,True,0.6318024535733571,954,9616
exact_match,300,600,1,cosine_similarity,0.2,False,0,2941,7629
f1,300,600,1,cosine_similarity,0.2,False,0,2941,7629
exact_match,300,600,1,cosine_similarity,0.3,False,0,5362,5208
f1,300,600,1,cosine_similarity,0.3,False,0,5362,5208
exact_match,300,600,1,cosine_similarity,0.4,False,0,7602,2968
f1,300,600,1,cosine_similarity,0.4,False,0,7602,2968
exact_match,300,600,1,cosine_similarity,0.5,False,0,9262,1308
f1,300,600,1,cosine_similarity,0.5,False,0,9262,1308
exact_match_not_enough_samples,300,600,1,cosine_similarity,0.6,Nan,-1,10164,406
f1_not_enough_samples,300,600,1,cosine_similarity,0.6,Nan,-1,10164,406
exact_match,500,600,1,cosine_similarity,0.1,True,1.2458333333333371,954,9616
f1,500,600,1,cosine_similarity,0.1,True,1.220895332309766,954,9616
exact_match,500,600,1,cosine_similarity,0.2,False,0,2941,7629
f1,500,600,1,cosine_similarity,0.2,False,0,2941,7629
exact_match,500,600,1,cosine_similarity,0.3,False,0,5362,5208
f1,500,600,1,cosine_similarity,0.3,False,0,5362,5208
exact_match,500,600,1,cosine_similarity,0.4,False,0,7602,2968
f1,500,600,1,cosine_similarity,0.4,False,0,7602,2968
exact_match,500,600,1,cosine_similarity,0.5,False,0,9262,1308
f1,500,600,1,cosine_similarity,0.5,False,0,9262,1308
exact_match_not_enough_samples,500,600,1,cosine_similarity,0.6,Nan,-1,10164,406
f1_not_enough_samples,500,600,1,cosine_similarity,0.6,Nan,-1,10164,406
exact_match,100,800,1,cosine_similarity,0.1,True,2.934375000000003,954,9616
f1,100,800,1,cosine_similarity,0.1,True,2.241539092809049,954,9616
exact_match,100,800,1,cosine_similarity,0.2,False,0,2941,7629
f1,100,800,1,cosine_similarity,0.2,False,0,2941,7629
exact_match,100,800,1,cosine_similarity,0.3,False,0,5362,5208
f1,100,800,1,cosine_similarity,0.3,False,0,5362,5208
exact_match,100,800,1,cosine_similarity,0.4,False,0,7602,2968
f1,100,800,1,cosine_similarity,0.4,False,0,7602,2968
exact_match,100,800,1,cosine_similarity,0.5,False,0,9262,1308
f1,100,800,1,cosine_similarity,0.5,False,0,9262,1308
exact_match_not_enough_samples,100,800,1,cosine_similarity,0.6,Nan,-1,10164,406
f1_not_enough_samples,100,800,1,cosine_similarity,0.6,Nan,-1,10164,406
exact_match,300,800,1,cosine_similarity,0.1,True,2.809375000000003,954,9616
f1,300,800,1,cosine_similarity,0.1,True,2.2246569707783124,954,9616
exact_match,300,800,1,cosine_similarity,0.2,False,0,2941,7629
f1,300,800,1,cosine_similarity,0.2,False,0,2941,7629
exact_match,300,800,1,cosine_similarity,0.3,False,0,5362,5208
f1,300,800,1,cosine_similarity,0.3,False,0,5362,5208
exact_match,300,800,1,cosine_similarity,0.4,False,0,7602,2968
f1,300,800,1,cosine_similarity,0.4,False,0,7602,2968
exact_match,300,800,1,cosine_similarity,0.5,False,0,9262,1308
f1,300,800,1,cosine_similarity,0.5,False,0,9262,1308
exact_match_not_enough_samples,300,800,1,cosine_similarity,0.6,Nan,-1,10164,406
f1_not_enough_samples,300,800,1,cosine_similarity,0.6,Nan,-1,10164,406
exact_match,500,800,1,cosine_similarity,0.1,True,2.559375000000003,954,9616
f1,500,800,1,cosine_similarity,0.1,True,2.0655935198722943,954,9616
exact_match,500,800,1,cosine_similarity,0.2,False,0,2941,7629
f1,500,800,1,cosine_similarity,0.2,False,0,2941,7629
exact_match,500,800,1,cosine_similarity,0.3,False,0,5362,5208
f1,500,800,1,cosine_similarity,0.3,False,0,5362,5208
exact_match,500,800,1,cosine_similarity,0.4,False,0,7602,2968
f1,500,800,1,cosine_similarity,0.4,False,0,7602,2968
exact_match,500,800,1,cosine_similarity,0.5,False,0,9262,1308
f1,500,800,1,cosine_similarity,0.5,False,0,9262,1308
exact_match_not_enough_samples,500,800,1,cosine_similarity,0.6,Nan,-1,10164,406
f1_not_enough_samples,500,800,1,cosine_similarity,0.6,Nan,-1,10164,406
exact_match_not_enough_samples,100,1000,1,cosine_similarity,0.1,Nan,-1,954,9616
f1_not_enough_samples,100,1000,1,cosine_similarity,0.1,Nan,-1,954,9616
exact_match,100,1000,1,cosine_similarity,0.2,False,0,2941,7629
f1,100,1000,1,cosine_similarity,0.2,False,0,2941,7629
exact_match,100,1000,1,cosine_similarity,0.3,False,0,5362,5208
f1,100,1000,1,cosine_similarity,0.3,False,0,5362,5208
exact_match,100,1000,1,cosine_similarity,0.4,False,0,7602,2968
f1,100,1000,1,cosine_similarity,0.4,False,0,7602,2968
exact_match,100,1000,1,cosine_similarity,0.5,False,0,9262,1308
f1,100,1000,1,cosine_similarity,0.5,False,0,9262,1308
exact_match_not_enough_samples,100,1000,1,cosine_similarity,0.6,Nan,-1,10164,406
f1_not_enough_samples,100,1000,1,cosine_similarity,0.6,Nan,-1,10164,406
exact_match_not_enough_samples,300,1000,1,cosine_similarity,0.1,Nan,-1,954,9616
f1_not_enough_samples,300,1000,1,cosine_similarity,0.1,Nan,-1,954,9616
exact_match,300,1000,1,cosine_similarity,0.2,False,0,2941,7629
f1,300,1000,1,cosine_similarity,0.2,False,0,2941,7629
exact_match,300,1000,1,cosine_similarity,0.3,False,0,5362,5208
f1,300,1000,1,cosine_similarity,0.3,False,0,5362,5208
exact_match,300,1000,1,cosine_similarity,0.4,False,0,7602,2968
f1,300,1000,1,cosine_similarity,0.4,False,0,7602,2968
exact_match,300,1000,1,cosine_similarity,0.5,False,0,9262,1308
f1,300,1000,1,cosine_similarity,0.5,False,0,9262,1308
exact_match_not_enough_samples,300,1000,1,cosine_similarity,0.6,Nan,-1,10164,406
f1_not_enough_samples,300,1000,1,cosine_similarity,0.6,Nan,-1,10164,406
exact_match_not_enough_samples,500,1000,1,cosine_similarity,0.1,Nan,-1,954,9616
f1_not_enough_samples,500,1000,1,cosine_similarity,0.1,Nan,-1,954,9616
exact_match,500,1000,1,cosine_similarity,0.2,False,0,2941,7629
f1,500,1000,1,cosine_similarity,0.2,False,0,2941,7629
exact_match,500,1000,1,cosine_similarity,0.3,False,0,5362,5208
f1,500,1000,1,cosine_similarity,0.3,False,0,5362,5208
exact_match,500,1000,1,cosine_similarity,0.4,False,0,7602,2968
f1,500,1000,1,cosine_similarity,0.4,False,0,7602,2968
exact_match,500,1000,1,cosine_similarity,0.5,False,0,9262,1308
f1,500,1000,1,cosine_similarity,0.5,False,0,9262,1308
exact_match_not_enough_samples,500,1000,1,cosine_similarity,0.6,Nan,-1,10164,406
f1_not_enough_samples,500,1000,1,cosine_similarity,0.6,Nan,-1,10164,406